nation,years,size
Afghanistan,1995,17586073
Afghanistan,1996,18415307
Afghanistan,1997,19021226
Afghanistan,1998,19496836
Afghanistan,1999,19987071
Afghanistan,2000,20595360
Afghanistan,2001,21347782
Afghanistan,2002,22202806
Afghanistan,2003,23116142
Afghanistan,2004,24018682
Afghanistan,2005,24860855
Afghanistan,2006,25631282
Afghanistan,2007,26349243
Afghanistan,2008,27032197
Afghanistan,2009,27708187
Afghanistan,2010,28397812
Afghanistan,2011,29105480
Afghanistan,2012,29824536
Afghanistan,2013,30551674
Algeria,1995,29315463
Algeria,1996,29845208
Algeria,1997,30345466
Algeria,1998,30820435
Algeria,1999,31276295
Algeria,2000,31719449
Algeria,2001,32150198
Algeria,2002,32572977
Algeria,2003,33003442
Algeria,2004,33461345
Algeria,2005,33960903
Algeria,2006,34507214
Algeria,2007,35097043
Algeria,2008,35725377
Algeria,2009,36383302
Algeria,2010,37062820
Algeria,2011,37762962
Algeria,2012,38481705
Algeria,2013,39208194
Angola,1995,12104952
Angola,1996,12451945
Angola,1997,12791388
Angola,1998,13137542
Angola,1999,13510616
Angola,2000,13924930
Angola,2001,14385283
Angola,2002,14886574
Angola,2003,15421075
Angola,2004,15976715
Angola,2005,16544376
Angola,2006,17122409
Angola,2007,17712824
Angola,2008,18314441
Angola,2009,18926650
Angola,2010,19549124
Angola,2011,20180490
Angola,2012,20820525
Angola,2013,21471618
Argentina,1995,34833168
Argentina,1996,35264070
Argentina,1997,35690778
Argentina,1998,36109342
Argentina,1999,36514558
Argentina,2000,36903067
Argentina,2001,37273361
Argentina,2002,37627545
Argentina,2003,37970411
Argentina,2004,38308779
Argentina,2005,38647854
Argentina,2006,38988923
Argentina,2007,39331357
Argentina,2008,39676083
Argentina,2009,40023641
Argentina,2010,40374224
Argentina,2011,40728738
Argentina,2012,41086927
Argentina,2013,41446246
Azerbaijan,1995,7770806
Azerbaijan,1996,7852273
Azerbaijan,1997,7921745
Azerbaijan,1998,7984460
Azerbaijan,1999,8047936
Azerbaijan,2000,8117742
Azerbaijan,2001,8195427
Azerbaijan,2002,8279768
Azerbaijan,2003,8370169
Azerbaijan,2004,8465127
Azerbaijan,2005,8563398
Azerbaijan,2006,8665006
Azerbaijan,2007,8770122
Azerbaijan,2008,8877669
Azerbaijan,2009,8986266
Azerbaijan,2010,9094718
Azerbaijan,2011,9202432
Azerbaijan,2012,9308959
Azerbaijan,2013,9413420
Bangladesh,1995,119869585
Bangladesh,1996,122400896
Bangladesh,1997,124945315
Bangladesh,1998,127478524
Bangladesh,1999,129966823
Bangladesh,2000,132383265
Bangladesh,2001,134729503
Bangladesh,2002,137006279
Bangladesh,2003,139185986
Bangladesh,2004,141235035
Bangladesh,2005,143135180
Bangladesh,2006,144868702
Bangladesh,2007,146457067
Bangladesh,2008,147969967
Bangladesh,2009,149503100
Bangladesh,2010,151125475
Bangladesh,2011,152862431
Bangladesh,2012,154695368
Bangladesh,2013,156594962
Belarus,1995,10189075
Belarus,1996,10156258
Belarus,1997,10120556
Belarus,1998,10080772
Belarus,1999,10034775
Belarus,2000,9981460
Belarus,2001,9920173
Belarus,2002,9852866
Belarus,2003,9784111
Belarus,2004,9719991
Belarus,2005,9664714
Belarus,2006,9620359
Belarus,2007,9585368
Belarus,2008,9555801
Belarus,2009,9525785
Belarus,2010,9491070
Belarus,2011,9450391
Belarus,2012,9405097
Belarus,2013,9356678
Benin,1995,5985658
Benin,1996,6176318
Benin,1997,6361301
Benin,1998,6546493
Benin,1999,6740491
Benin,2000,6949366
Benin,2001,7174911
Benin,2002,7414744
Benin,2003,7665681
Benin,2004,7922796
Benin,2005,8182362
Benin,2006,8443671
Benin,2007,8707490
Benin,2008,8973293
Benin,2009,9240783
Benin,2010,9509798
Benin,2011,9779795
Benin,2012,10050702
Benin,2013,10323474
"Bolivia (Plurinational State of)",1995,7635362
"Bolivia (Plurinational State of)",1996,7806953
"Bolivia (Plurinational State of)",1997,7978521
"Bolivia (Plurinational State of)",1998,8150214
"Bolivia (Plurinational State of)",1999,8322408
"Bolivia (Plurinational State of)",2000,8495271
"Bolivia (Plurinational State of)",2001,8669066
"Bolivia (Plurinational State of)",2002,8843350
"Bolivia (Plurinational State of)",2003,9016787
"Bolivia (Plurinational State of)",2004,9187610
"Bolivia (Plurinational State of)",2005,9354709
"Bolivia (Plurinational State of)",2006,9517395
"Bolivia (Plurinational State of)",2007,9676456
"Bolivia (Plurinational State of)",2008,9834098
"Bolivia (Plurinational State of)",2009,9993406
"Bolivia (Plurinational State of)",2010,10156601
"Bolivia (Plurinational State of)",2011,10324445
"Bolivia (Plurinational State of)",2012,10496285
"Bolivia (Plurinational State of)",2013,10671200
Botswana,1995,1583453
Botswana,1996,1620989
Botswana,1997,1657349
Botswana,1998,1692148
Botswana,1999,1724924
Botswana,2000,1755375
Botswana,2001,1783349
Botswana,2002,1808976
Botswana,2003,1832602
Botswana,2004,1854739
Botswana,2005,1875805
Botswana,2006,1895944
Botswana,2007,1915187
Botswana,2008,1933719
Botswana,2009,1951715
Botswana,2010,1969341
Botswana,2011,1986701
Botswana,2012,2003910
Botswana,2013,2021144
Brazil,1995,161890816
Brazil,1996,164392423
Brazil,1997,166925457
Brazil,1998,169472347
Brazil,1999,172006362
Brazil,2000,174504898
Brazil,2001,176968205
Brazil,2002,179393768
Brazil,2003,181752951
Brazil,2004,184010283
Brazil,2005,186142403
Brazil,2006,188134315
Brazil,2007,189996976
Brazil,2008,191765567
Brazil,2009,193490922
Brazil,2010,195210154
Brazil,2011,196935134
Brazil,2012,198656019
Brazil,2013,200361925
"Burkina Faso",1995,10089876
"Burkina Faso",1996,10372562
"Burkina Faso",1997,10664982
"Burkina Faso",1998,10967836
"Burkina Faso",1999,11281942
"Burkina Faso",2000,11607944
"Burkina Faso",2001,11946080
"Burkina Faso",2002,12296399
"Burkina Faso",2003,12659086
"Burkina Faso",2004,13034258
"Burkina Faso",2005,13421929
"Burkina Faso",2006,13822257
"Burkina Faso",2007,14235075
"Burkina Faso",2008,14659646
"Burkina Faso",2009,15094967
"Burkina Faso",2010,15540284
"Burkina Faso",2011,15995313
"Burkina Faso",2012,16460141
"Burkina Faso",2013,16934839
Burundi,1995,6209923
Burundi,1996,6294482
Burundi,1997,6369573
Burundi,1998,6447672
Burundi,1999,6545273
Burundi,2000,6674286
Burundi,2001,6839376
Burundi,2002,7037727
Burundi,2003,7264340
Burundi,2004,7510771
Burundi,2005,7770392
Burundi,2006,8042579
Burundi,2007,8328312
Burundi,2008,8624280
Burundi,2009,8926687
Burundi,2010,9232753
Burundi,2011,9540362
Burundi,2012,9849569
Burundi,2013,10162532
Cambodia,1995,10769198
Cambodia,1996,11090611
Cambodia,1997,11395958
Cambodia,1998,11685332
Cambodia,1999,11960467
Cambodia,2000,12222871
Cambodia,2001,12472586
Cambodia,2002,12709336
Cambodia,2003,12934369
Cambodia,2004,13149386
Cambodia,2005,13356424
Cambodia,2006,13555054
Cambodia,2007,13747288
Cambodia,2008,13940518
Cambodia,2009,14144225
Cambodia,2010,14364931
Cambodia,2011,14605862
Cambodia,2012,14864646
Cambodia,2013,15135169
Cameroon,1995,13929575
Cameroon,1996,14316949
Cameroon,1997,14709426
Cameroon,1998,15107909
Cameroon,1999,15513653
Cameroon,2000,15927713
Cameroon,2001,16350440
Cameroon,2002,16782044
Cameroon,2003,17223277
Cameroon,2004,17674960
Cameroon,2005,18137734
Cameroon,2006,18611937
Cameroon,2007,19097676
Cameroon,2008,19595026
Cameroon,2009,20103945
Cameroon,2010,20624343
Cameroon,2011,21156272
Cameroon,2012,21699631
Cameroon,2013,22253959
"Central African Republic",1995,3275695
"Central African Republic",1996,3350299
"Central African Republic",1997,3424733
"Central African Republic",1998,3498140
"Central African Republic",1999,3569523
"Central African Republic",2000,3638316
"Central African Republic",2001,3704045
"Central African Republic",2002,3767248
"Central African Republic",2003,3829636
"Central African Republic",2004,3893595
"Central African Republic",2005,3960897
"Central African Republic",2006,4032102
"Central African Republic",2007,4106897
"Central African Republic",2008,4185106
"Central African Republic",2009,4266247
"Central African Republic",2010,4349921
"Central African Republic",2011,4436217
"Central African Republic",2012,4525209
"Central African Republic",2013,4616417
Chad,1995,6980351
Chad,1996,7216321
Chad,1997,7463347
Chad,1998,7724316
Chad,1999,8002899
Chad,2000,8301151
Chad,2001,8620917
Chad,2002,8959964
Chad,2003,9311234
Chad,2004,9665024
Chad,2005,10014413
Chad,2006,10356822
Chad,2007,10694366
Chad,2008,11030628
Chad,2009,11371325
Chad,2010,11720781
Chad,2011,12080037
Chad,2012,12448175
Chad,2013,12825314
Chile,1995,14440103
Chile,1996,14662323
Chile,1997,14872458
Chile,1998,15072409
Chile,1999,15265536
Chile,2000,15454402
Chile,2001,15639289
Chile,2002,15819522
Chile,2003,15995658
Chile,2004,16168241
Chile,2005,16337749
Chile,2006,16504530
Chile,2007,16668892
Chile,2008,16831184
Chile,2009,16991729
Chile,2010,17150760
Chile,2011,17308449
Chile,2012,17464814
Chile,2013,17619708
China,1995,1237531429
China,1996,1247897092
China,1997,1257021784
China,1998,1265222536
China,1999,1272915272
China,2000,1280428583
China,2001,1287890449
China,2002,1295322020
China,2003,1302810258
China,2004,1310414386
China,2005,1318176835
China,2006,1326146433
China,2007,1334343509
China,2008,1342732604
China,2009,1351247555
China,2010,1359821465
China,2011,1368440300
China,2012,1377064907
China,2013,1385566537
"China, Hong Kong SAR",1995,6144498
"China, Hong Kong SAR",1996,6275363
"China, Hong Kong SAR",1997,6430651
"China, Hong Kong SAR",1998,6591717
"China, Hong Kong SAR",1999,6732627
"China, Hong Kong SAR",2000,6835301
"China, Hong Kong SAR",2001,6892752
"China, Hong Kong SAR",2002,6912079
"China, Hong Kong SAR",2003,6906631
"China, Hong Kong SAR",2004,6896523
"China, Hong Kong SAR",2005,6896686
"China, Hong Kong SAR",2006,6910671
"China, Hong Kong SAR",2007,6934748
"China, Hong Kong SAR",2008,6967866
"China, Hong Kong SAR",2009,7006930
"China, Hong Kong SAR",2010,7049514
"China, Hong Kong SAR",2011,7096359
"China, Hong Kong SAR",2012,7148493
"China, Hong Kong SAR",2013,7203836
Colombia,1995,36573895
Colombia,1996,37236124
Colombia,1997,37901358
Colombia,1998,38568056
Colombia,1999,39234115
Colombia,2000,39897984
Colombia,2001,40558648
Colombia,2002,41216304
Colombia,2003,41872051
Colombia,2004,42527623
Colombia,2005,43184026
Colombia,2006,43841370
Colombia,2007,44498390
Colombia,2008,45153037
Colombia,2009,45802561
Colombia,2010,46444798
Colombia,2011,47078792
Colombia,2012,47704427
Colombia,2013,48321405
Congo,1995,2720633
Congo,1996,2797572
Congo,1997,2878333
Congo,1998,2961357
Congo,1999,3044444
Congo,2000,3126204
Congo,2001,3205636
Congo,2002,3283719
Congo,2003,3363418
Congo,2004,3448868
Congo,2005,3542867
Congo,2006,3646653
Congo,2007,3758858
Congo,2008,3876475
Congo,2009,3995146
Congo,2010,4111715
Congo,2011,4225359
Congo,2012,4337051
Congo,2013,4447632
"Côte d'Ivoire",1995,14217430
"Côte d'Ivoire",1996,14632391
"Côte d'Ivoire",1997,15042149
"Côte d'Ivoire",1998,15436470
"Côte d'Ivoire",1999,15802248
"Côte d'Ivoire",2000,16131332
"Côte d'Ivoire",2001,16420173
"Côte d'Ivoire",2002,16674987
"Côte d'Ivoire",2003,16909801
"Côte d'Ivoire",2004,17144325
"Côte d'Ivoire",2005,17393994
"Côte d'Ivoire",2006,17662417
"Côte d'Ivoire",2007,17949061
"Côte d'Ivoire",2008,18260044
"Côte d'Ivoire",2009,18601342
"Côte d'Ivoire",2010,18976588
"Côte d'Ivoire",2011,19389954
"Côte d'Ivoire",2012,19839750
"Côte d'Ivoire",2013,20316086
country,0,0
"Democratic People's Republic of Korea",1995,21763678
"Democratic People's Republic of Korea",1996,22016518
"Democratic People's Republic of Korea",1997,22240833
"Democratic People's Republic of Korea",1998,22444993
"Democratic People's Republic of Korea",1999,22641754
"Democratic People's Republic of Korea",2000,22840225
"Democratic People's Republic of Korea",2001,23043449
"Democratic People's Republic of Korea",2002,23248059
"Democratic People's Republic of Korea",2003,23449180
"Democratic People's Republic of Korea",2004,23639303
"Democratic People's Republic of Korea",2005,23813333
"Democratic People's Republic of Korea",2006,23969917
"Democratic People's Republic of Korea",2007,24111989
"Democratic People's Republic of Korea",2008,24243894
"Democratic People's Republic of Korea",2009,24371865
"Democratic People's Republic of Korea",2010,24500520
"Democratic People's Republic of Korea",2011,24631291
"Democratic People's Republic of Korea",2012,24763188
"Democratic People's Republic of Korea",2013,24895480
"Democratic Republic of the Congo",1995,42012524
"Democratic Republic of the Congo",1996,43122601
"Democratic Republic of the Congo",1997,44078397
"Democratic Republic of the Congo",1998,44960941
"Democratic Republic of the Congo",1999,45889100
"Democratic Republic of the Congo",2000,46949244
"Democratic Republic of the Congo",2001,48167045
"Democratic Republic of the Congo",2002,49516960
"Democratic Republic of the Congo",2003,50972323
"Democratic Republic of the Congo",2004,52487293
"Democratic Republic of the Congo",2005,54028003
"Democratic Republic of the Congo",2006,55590838
"Democratic Republic of the Congo",2007,57187942
"Democratic Republic of the Congo",2008,58819038
"Democratic Republic of the Congo",2009,60486276
"Democratic Republic of the Congo",2010,62191161
"Democratic Republic of the Congo",2011,63931512
"Democratic Republic of the Congo",2012,65705093
"Democratic Republic of the Congo",2013,67513677
Djibouti,1995,663999
Djibouti,1996,675891
Djibouti,1997,687897
Djibouti,1998,699922
Djibouti,1999,711652
Djibouti,2000,722887
Djibouti,2001,733732
Djibouti,2002,744434
Djibouti,2003,755085
Djibouti,2004,765776
Djibouti,2005,776585
Djibouti,2006,787544
Djibouti,2007,798690
Djibouti,2008,810100
Djibouti,2009,821865
Djibouti,2010,834036
Djibouti,2011,846646
Djibouti,2012,859652
Djibouti,2013,872932
"Dominican Republic",1995,7977966
"Dominican Republic",1996,8118570
"Dominican Republic",1997,8256496
"Dominican Republic",1998,8392534
"Dominican Republic",1999,8527881
"Dominican Republic",2000,8663421
"Dominican Republic",2001,8799298
"Dominican Republic",2002,8935261
"Dominican Republic",2003,9071318
"Dominican Republic",2004,9207389
"Dominican Republic",2005,9343362
"Dominican Republic",2006,9479269
"Dominican Republic",2007,9615015
"Dominican Republic",2008,9750195
"Dominican Republic",2009,9884265
"Dominican Republic",2010,10016797
"Dominican Republic",2011,10147598
"Dominican Republic",2012,10276621
"Dominican Republic",2013,10403761
Ecuador,1995,11315800
Ecuador,1996,11557151
Ecuador,1997,11799289
Ecuador,1998,12042454
Ecuador,1999,12286995
Ecuador,2000,12533087
Ecuador,2001,12780869
Ecuador,2002,13030041
Ecuador,2003,13279806
Ecuador,2004,13529091
Ecuador,2005,13777131
Ecuador,2006,14023503
Ecuador,2007,14268397
Ecuador,2008,14512402
Ecuador,2009,14756424
Ecuador,2010,15001072
Ecuador,2011,15246481
Ecuador,2012,15492264
Ecuador,2013,15737878
Egypt,1995,61168397
Egypt,1996,62123592
Egypt,1997,63094069
Egypt,1998,64084443
Egypt,1999,65097777
Egypt,2000,66136590
Egypt,2001,67204189
Egypt,2002,68302914
Egypt,2003,69432477
Egypt,2004,70591288
Egypt,2005,71777678
Egypt,2006,72990754
Egypt,2007,74229577
Egypt,2008,75491922
Egypt,2009,76775023
Egypt,2010,78075705
Egypt,2011,79392466
Egypt,2012,80721874
Egypt,2013,82056378
Ethiopia,1995,57023519
Ethiopia,1996,58815116
Ethiopia,1997,60584273
Ethiopia,1998,62353942
Ethiopia,1999,64158887
Ethiopia,2000,66024199
Ethiopia,2001,67956866
Ethiopia,2002,69948344
Ethiopia,2003,71989666
Ethiopia,2004,74066147
Ethiopia,2005,76167240
Ethiopia,2006,78290649
Ethiopia,2007,80440708
Ethiopia,2008,82621190
Ethiopia,2009,84838032
Ethiopia,2010,87095281
Ethiopia,2011,89393063
Ethiopia,2012,91728849
Ethiopia,2013,94100756
France,1995,58008958
France,1996,58216225
France,1997,58418324
France,1998,58635564
France,1999,58894671
France,2000,59213096
France,2001,59600714
France,2002,60047743
France,2003,60527640
France,2004,61002537
France,2005,61444972
France,2006,61845239
France,2007,62210877
France,2008,62552614
France,2009,62888318
France,2010,63230866
France,2011,63582112
France,2012,63936575
France,2013,64291280
Georgia,1995,5067143
Georgia,1996,4990097
Georgia,1997,4922489
Georgia,1998,4861848
Georgia,1999,4803312
Georgia,2000,4743591
Georgia,2001,4682290
Georgia,2002,4621837
Georgia,2003,4564938
Georgia,2004,4515280
Georgia,2005,4475306
Georgia,2006,4446032
Georgia,2007,4426077
Georgia,2008,4412502
Georgia,2009,4401093
Georgia,2010,4388674
Georgia,2011,4374226
Georgia,2012,4358242
Georgia,2013,4340895
Germany,1995,83147770
Germany,1996,83388930
Germany,1997,83490697
Germany,1998,83500716
Germany,1999,83490881
Germany,2000,83512459
Germany,2001,83583461
Germany,2002,83685160
Germany,2003,83788480
Germany,2004,83848844
Germany,2005,83835978
Germany,2006,83740302
Germany,2007,83578794
Germany,2008,83379538
Germany,2009,83182774
Germany,2010,83017404
Germany,2011,82892904
Germany,2012,82800121
Germany,2013,82726626
Ghana,1995,16760926
Ghana,1996,17169151
Ghana,1997,17568461
Ghana,1998,17968830
Ghana,1999,18384302
Ghana,2000,18825034
Ghana,2001,19293392
Ghana,2002,19786307
Ghana,2003,20301686
Ghana,2004,20835514
Ghana,2005,21384034
Ghana,2006,21947779
Ghana,2007,22525659
Ghana,2008,23110139
Ghana,2009,23691533
Ghana,2010,24262901
Ghana,2011,24820706
Ghana,2012,25366462
Ghana,2013,25904598
Guatemala,1995,9983861
Guatemala,1996,10214623
Guatemala,1997,10449636
Guatemala,1998,10691090
Guatemala,1999,10941913
Guatemala,2000,11204183
Guatemala,2001,11478984
Guatemala,2002,11765738
Guatemala,2003,12062835
Guatemala,2004,12367800
Guatemala,2005,12678919
Guatemala,2006,12995374
Guatemala,2007,13317931
Guatemala,2008,13648307
Guatemala,2009,13988988
Guatemala,2010,14341576
Guatemala,2011,14706578
Guatemala,2012,15082831
Guatemala,2013,15468203
Guinea,1995,7837173
Guinea,1996,8094751
Guinea,1997,8296478
Guinea,1998,8457221
Guinea,1999,8600911
Guinea,2000,8746128
Guinea,2001,8895353
Guinea,2002,9045748
Guinea,2003,9204581
Guinea,2004,9379621
Guinea,2005,9576331
Guinea,2006,9798963
Guinea,2007,10046967
Guinea,2008,10314678
Guinea,2009,10593248
Guinea,2010,10876033
Guinea,2011,11161530
Guinea,2012,11451273
Guinea,2013,11745189
Haiti,1995,7838241
Haiti,1996,7986858
Haiti,1997,8136372
Haiti,1998,8285690
Haiti,1999,8433339
Haiti,2000,8578234
Haiti,2001,8720247
Haiti,2002,8859635
Haiti,2003,8996229
Haiti,2004,9129933
Haiti,2005,9260879
Haiti,2006,9388642
Haiti,2007,9513714
Haiti,2008,9638255
Haiti,2009,9765153
Haiti,2010,9896400
Haiti,2011,10032864
Haiti,2012,10173775
Haiti,2013,10317461
Honduras,1995,5591935
Honduras,1996,5723639
Honduras,1997,5852719
Honduras,1998,5980152
Honduras,1999,6107385
Honduras,2000,6235561
Honduras,2001,6365040
Honduras,2002,6495801
Honduras,2003,6628171
Honduras,2004,6762426
Honduras,2005,6898825
Honduras,2006,7037428
Honduras,2007,7178436
Honduras,2008,7322368
Honduras,2009,7469844
Honduras,2010,7621204
Honduras,2011,7776669
Honduras,2012,7935846
Honduras,2013,8097688
India,1995,955804355
India,1996,973147577
India,1997,990460131
India,1998,1007746556
India,1999,1025014711
India,2000,1042261758
India,2001,1059500888
India,2002,1076705723
India,2003,1093786762
India,2004,1110626108
India,2005,1127143548
India,2006,1143289350
India,2007,1159095250
India,2008,1174662334
India,2009,1190138069
India,2010,1205624648
India,2011,1221156319
India,2012,1236686732
India,2013,1252139596
Indonesia,1995,194112556
Indonesia,1996,197097887
Indonesia,1997,200050444
Indonesia,1998,202990922
Indonesia,1999,205946831
Indonesia,2000,208938698
Indonesia,2001,211970371
Indonesia,2002,215038285
Indonesia,2003,218145617
Indonesia,2004,221293797
Indonesia,2005,224480901
Indonesia,2006,227709821
Indonesia,2007,230972808
Indonesia,2008,234243489
Indonesia,2009,237486894
Indonesia,2010,240676485
Indonesia,2011,243801639
Indonesia,2012,246864191
Indonesia,2013,249865631
"Iran (Islamic Republic of)",1995,60468352
"Iran (Islamic Republic of)",1996,61440887
"Iran (Islamic Republic of)",1997,62542531
"Iran (Islamic Republic of)",1998,63713397
"Iran (Islamic Republic of)",1999,64858754
"Iran (Islamic Republic of)",2000,65911052
"Iran (Islamic Republic of)",2001,66857624
"Iran (Islamic Republic of)",2002,67727274
"Iran (Islamic Republic of)",2003,68543171
"Iran (Islamic Republic of)",2004,69342126
"Iran (Islamic Republic of)",2005,70152384
"Iran (Islamic Republic of)",2006,70976584
"Iran (Islamic Republic of)",2007,71809219
"Iran (Islamic Republic of)",2008,72660887
"Iran (Islamic Republic of)",2009,73542954
"Iran (Islamic Republic of)",2010,74462314
"Iran (Islamic Republic of)",2011,75424285
"Iran (Islamic Republic of)",2012,76424443
"Iran (Islamic Republic of)",2013,77447168
Iraq,1995,20363138
Iraq,1996,21017108
Iraq,1997,21693597
Iraq,1998,22387179
Iraq,1999,23091408
Iraq,2000,23801156
Iraq,2001,24516842
Iraq,2002,25238267
Iraq,2003,25959531
Iraq,2004,26673536
Iraq,2005,27377045
Iraq,2006,28064095
Iraq,2007,28740630
Iraq,2008,29429829
Iraq,2009,30163199
Iraq,2010,30962380
Iraq,2011,31837015
Iraq,2012,32778030
Iraq,2013,33765232
Italy,1995,56967071
Italy,1996,56937309
Italy,1997,56887127
Italy,1998,56850303
Italy,1999,56872736
Italy,2000,56986085
Italy,2001,57200233
Italy,2002,57501450
Italy,2003,57868021
Italy,2004,58267068
Italy,2005,58671855
Italy,2006,59078271
Italy,2007,59485505
Italy,2008,59873820
Italy,2009,60220314
Italy,2010,60508978
Italy,2011,60729316
Italy,2012,60884593
Italy,2013,60990277
Japan,1995,124483305
Japan,1996,124794906
Japan,1997,125048712
Japan,1998,125266855
Japan,1999,125481436
Japan,2000,125714674
Japan,2001,125973930
Japan,2002,126249090
Japan,2003,126523597
Japan,2004,126772899
Japan,2005,126978754
Japan,2006,127136020
Japan,2007,127248855
Japan,2008,127319434
Japan,2009,127352872
Japan,2010,127352833
Japan,2011,127319206
Japan,2012,127249704
Japan,2013,127143577
Kazakhstan,1995,15549632
Kazakhstan,1996,15326132
Kazakhstan,1997,15085965
Kazakhstan,1998,14858241
Kazakhstan,1999,14679568
Kazakhstan,2000,14575644
Kazakhstan,2001,14559255
Kazakhstan,2002,14623188
Kazakhstan,2003,14747754
Kazakhstan,2004,14902452
Kazakhstan,2005,15064088
Kazakhstan,2006,15227211
Kazakhstan,2007,15396045
Kazakhstan,2008,15568294
Kazakhstan,2009,15743552
Kazakhstan,2010,15921127
Kazakhstan,2011,16097998
Kazakhstan,2012,16271201
Kazakhstan,2013,16440586
Kenya,1995,27418077
Kenya,1996,28186224
Kenya,1997,28943647
Kenya,1998,29702246
Kenya,1999,30478597
Kenya,2000,31285050
Kenya,2001,32126351
Kenya,2002,33000524
Kenya,2003,33905011
Kenya,2004,34834606
Kenya,2005,35785718
Kenya,2006,36757498
Kenya,2007,37752304
Kenya,2008,38773277
Kenya,2009,39824734
Kenya,2010,40909194
Kenya,2011,42027891
Kenya,2012,43178141
Kenya,2013,44353691
Kyrgyzstan,1995,4592135
Kyrgyzstan,1996,4658815
Kyrgyzstan,1997,4739263
Kyrgyzstan,1998,4823870
Kyrgyzstan,1999,4898865
Kyrgyzstan,2000,4954850
Kyrgyzstan,2001,4988162
Kyrgyzstan,2002,5003394
Kyrgyzstan,2003,5009453
Kyrgyzstan,2004,5019310
Kyrgyzstan,2005,5042381
Kyrgyzstan,2006,5081620
Kyrgyzstan,2007,5134297
Kyrgyzstan,2008,5197274
Kyrgyzstan,2009,5265218
Kyrgyzstan,2010,5334223
Kyrgyzstan,2011,5403419
Kyrgyzstan,2012,5474213
Kyrgyzstan,2013,5547548
"Lao People's Democratic Republic",1995,4871472
"Lao People's Democratic Republic",1996,4986592
"Lao People's Democratic Republic",1997,5096724
"Lao People's Democratic Republic",1998,5200898
"Lao People's Democratic Republic",1999,5298146
"Lao People's Democratic Republic",2000,5388281
"Lao People's Democratic Republic",2001,5470169
"Lao People's Democratic Republic",2002,5545245
"Lao People's Democratic Republic",2003,5619069
"Lao People's Democratic Republic",2004,5699112
"Lao People's Democratic Republic",2005,5790646
"Lao People's Democratic Republic",2006,5895930
"Lao People's Democratic Republic",2007,6013278
"Lao People's Democratic Republic",2008,6139127
"Lao People's Democratic Republic",2009,6267968
"Lao People's Democratic Republic",2010,6395713
"Lao People's Democratic Republic",2011,6521314
"Lao People's Democratic Republic",2012,6645827
"Lao People's Democratic Republic",2013,6769727
Lesotho,1995,1753824
Lesotho,1996,1779197
Lesotho,1997,1801679
Lesotho,1998,1821609
Lesotho,1999,1839611
Lesotho,2000,1856225
Lesotho,2001,1871500
Lesotho,2002,1885487
Lesotho,2003,1898757
Lesotho,2004,1912022
Lesotho,2005,1925844
Lesotho,2006,1940413
Lesotho,2007,1955784
Lesotho,2008,1972199
Lesotho,2009,1989873
Lesotho,2010,2008921
Lesotho,2011,2029516
Lesotho,2012,2051545
Lesotho,2013,2074465
Liberia,1995,2079921
Liberia,1996,2197801
Liberia,1997,2365290
Liberia,1998,2558085
Liberia,1999,2741755
Liberia,2000,2891968
Liberia,2001,2998770
Liberia,2002,3070673
Liberia,2003,3124222
Liberia,2004,3184643
Liberia,2005,3269786
Liberia,2006,3384791
Liberia,2007,3522294
Liberia,2008,3672714
Liberia,2009,3821440
Liberia,2010,3957990
Liberia,2011,4079697
Liberia,2012,4190435
Liberia,2013,4294077
Madagascar,1995,13452526
Madagascar,1996,13882646
Madagascar,1997,14329239
Madagascar,1998,14790245
Madagascar,1999,15262817
Madagascar,2000,15744811
Madagascar,2001,16235767
Madagascar,2002,16736029
Madagascar,2003,17245275
Madagascar,2004,17763367
Madagascar,2005,18290394
Madagascar,2006,18826126
Madagascar,2007,19371023
Madagascar,2008,19926785
Madagascar,2009,20495695
Madagascar,2010,21079532
Madagascar,2011,21678934
Madagascar,2012,22293914
Madagascar,2013,22924851
Malawi,1995,9964065
Malawi,1996,10153315
Malawi,1997,10404259
Malawi,1998,10700180
Malawi,1999,11012707
Malawi,2000,11321496
Malawi,2001,11623166
Malawi,2002,11926778
Malawi,2003,12238739
Malawi,2004,12569091
Malawi,2005,12924746
Malawi,2006,13307535
Malawi,2007,13713758
Malawi,2008,14138207
Malawi,2009,14573338
Malawi,2010,15013694
Malawi,2011,15457531
Malawi,2012,15906483
Malawi,2013,16362567
Malaysia,1995,20725374
Malaysia,1996,21259831
Malaysia,1997,21805835
Malaysia,1998,22355057
Malaysia,1999,22896048
Malaysia,2000,23420751
Malaysia,2001,23925742
Malaysia,2002,24413795
Malaysia,2003,24890654
Malaysia,2004,25365089
Malaysia,2005,25843466
Malaysia,2006,26327098
Malaysia,2007,26813819
Malaysia,2008,27302348
Malaysia,2009,27790324
Malaysia,2010,28275835
Malaysia,2011,28758968
Malaysia,2012,29239927
Malaysia,2013,29716965
Mali,1995,8988853
Mali,1996,9222157
Mali,1997,9462256
Mali,1998,9712365
Mali,1999,9977308
Mali,2000,10260577
Mali,2001,10562768
Mali,2002,10882662
Mali,2003,11219737
Mali,2004,11572936
Mali,2005,11941258
Mali,2006,12325545
Mali,2007,12725629
Mali,2008,13138299
Mali,2009,13559296
Mali,2010,13985961
Mali,2011,14416737
Mali,2012,14853572
Mali,2013,15301650
Mexico,1995,95392647
Mexico,1996,97201533
Mexico,1997,98968558
Mexico,1998,100678867
Mexico,1999,102316781
Mexico,2000,103873607
Mexico,2001,105339877
Mexico,2002,106723661
Mexico,2003,108056312
Mexico,2004,109381550
Mexico,2005,110731826
Mexico,2006,112116694
Mexico,2007,113529819
Mexico,2008,114968039
Mexico,2009,116422752
Mexico,2010,117886404
Mexico,2011,119361233
Mexico,2012,120847477
Mexico,2013,122332399
Mongolia,1995,2298063
Mongolia,1996,2316598
Mongolia,1997,2335723
Mongolia,1998,2355618
Mongolia,1999,2376197
Mongolia,2000,2397473
Mongolia,2001,2419669
Mongolia,2002,2443231
Mongolia,2003,2468595
Mongolia,2004,2496248
Mongolia,2005,2526502
Mongolia,2006,2559496
Mongolia,2007,2595068
Mongolia,2008,2632834
Mongolia,2009,2672223
Mongolia,2010,2712738
Mongolia,2011,2754209
Mongolia,2012,2796484
Mongolia,2013,2839073
Morocco,1995,26833093
Morocco,1996,27237150
Morocco,1997,27632321
Morocco,1998,28013585
Morocco,1999,28374203
Morocco,2000,28710123
Morocco,2001,29021156
Morocco,2002,29311443
Morocco,2003,29586937
Morocco,2004,29855820
Morocco,2005,30125445
Morocco,2006,30395097
Morocco,2007,30667086
Morocco,2008,30955151
Morocco,2009,31276564
Morocco,2010,31642360
Morocco,2011,32059424
Morocco,2012,32521143
Morocco,2013,33008150
Mozambique,1995,15981571
Mozambique,1996,16463426
Mozambique,1997,16914628
Mozambique,1998,17350739
Mozambique,1999,17798102
Mozambique,2000,18275618
Mozambique,2001,18785719
Mozambique,2002,19319894
Mozambique,2003,19873460
Mozambique,2004,20438827
Mozambique,2005,21010376
Mozambique,2006,21587317
Mozambique,2007,22171404
Mozambique,2008,22762525
Mozambique,2009,23361025
Mozambique,2010,23967265
Mozambique,2011,24581367
Mozambique,2012,25203395
Mozambique,2013,25833752
Myanmar,1995,45329862
Myanmar,1996,45991828
Myanmar,1997,46664455
Myanmar,1998,47321204
Myanmar,1999,47925630
Myanmar,2000,48453000
Myanmar,2001,48894203
Myanmar,2002,49261313
Myanmar,2003,49577152
Myanmar,2004,49875169
Myanmar,2005,50181020
Myanmar,2006,50500070
Myanmar,2007,50828959
Myanmar,2008,51174018
Myanmar,2009,51540490
Myanmar,2010,51931231
Myanmar,2011,52350763
Myanmar,2012,52797319
Myanmar,2013,53259018
Namibia,1995,1654214
Namibia,1996,1705309
Namibia,1997,1757969
Namibia,1998,1809719
Namibia,1999,1857149
Namibia,2000,1897953
Namibia,2001,1931282
Namibia,2002,1958303
Namibia,2003,1981237
Namibia,2004,2003320
Namibia,2005,2027026
Namibia,2006,2052931
Namibia,2007,2080700
Namibia,2008,2110791
Namibia,2009,2143498
Namibia,2010,2178967
Namibia,2011,2217618
Namibia,2012,2259393
Namibia,2013,2303315
Nepal,1995,20587157
Nepal,1996,21115271
Nepal,1997,21647305
Nepal,1998,22175431
Nepal,1999,22690158
Nepal,2000,23184177
Nepal,2001,23655119
Nepal,2002,24102862
Nepal,2003,24525527
Nepal,2004,24921910
Nepal,2005,25292058
Nepal,2006,25634043
Nepal,2007,25950022
Nepal,2008,26249412
Nepal,2009,26544943
Nepal,2010,26846016
Nepal,2011,27156367
Nepal,2012,27474377
Nepal,2013,27797457
Nicaragua,1995,4659458
Nicaragua,1996,4756631
Nicaragua,1997,4849272
Nicaragua,1998,4937320
Nicaragua,1999,5021079
Nicaragua,2000,5100920
Nicaragua,2001,5176685
Nicaragua,2002,5248577
Nicaragua,2003,5317878
Nicaragua,2004,5386299
Nicaragua,2005,5455219
Nicaragua,2006,5524927
Nicaragua,2007,5595533
Nicaragua,2008,5667983
Nicaragua,2009,5743329
Nicaragua,2010,5822209
Nicaragua,2011,5905146
Nicaragua,2012,5991733
Nicaragua,2013,6080478
Niger,1995,9167078
Niger,1996,9499605
Niger,1997,9849621
Niger,1998,10215806
Niger,1999,10596258
Niger,2000,10989815
Niger,2001,11396434
Niger,2002,11817297
Niger,2003,12254040
Niger,2004,12708897
Niger,2005,13183798
Niger,2006,13679705
Niger,2007,14197289
Niger,2008,14737895
Niger,2009,15302948
Niger,2010,15893746
Niger,2011,16511462
Niger,2012,17157042
Niger,2013,17831270
Nigeria,1995,108424827
Nigeria,1996,111166210
Nigeria,1997,113979481
Nigeria,1998,116867371
Nigeria,1999,119831888
Nigeria,2000,122876727
Nigeria,2001,126004992
Nigeria,2002,129224641
Nigeria,2003,132550146
Nigeria,2004,135999250
Nigeria,2005,139585891
Nigeria,2006,143314909
Nigeria,2007,147187353
Nigeria,2008,151208080
Nigeria,2009,155381020
Nigeria,2010,159707780
Nigeria,2011,164192925
Nigeria,2012,168833776
Nigeria,2013,173615345
Pakistan,1995,126689577
Pakistan,1996,130083700
Pakistan,1997,133597492
Pakistan,1998,137139290
Pakistan,1999,140580398
Pakistan,2000,143832014
Pakistan,2001,146857081
Pakistan,2002,149693684
Pakistan,2003,152419974
Pakistan,2004,155151394
Pakistan,2005,157971415
Pakistan,2006,160905794
Pakistan,2007,163928329
Pakistan,2008,167008083
Pakistan,2009,170093999
Pakistan,2010,173149306
Pakistan,2011,176166353
Pakistan,2012,179160111
Pakistan,2013,182142594
Paraguay,1995,4801834
Paraguay,1996,4911701
Paraguay,1997,5021271
Paraguay,1998,5130723
Paraguay,1999,5240321
Paraguay,2000,5350253
Paraguay,2001,5460621
Paraguay,2002,5571371
Paraguay,2003,5682350
Paraguay,2004,5793330
Paraguay,2005,5904170
Paraguay,2006,6014781
Paraguay,2007,6125285
Paraguay,2008,6236005
Paraguay,2009,6347383
Paraguay,2010,6459721
Paraguay,2011,6573097
Paraguay,2012,6687361
Paraguay,2013,6802295
Peru,1995,23939261
Peru,1996,24365985
Peru,1997,24789855
Peru,1998,25206817
Peru,1999,25611482
Peru,2000,26000080
Peru,2001,26372358
Peru,2002,26729909
Peru,2003,27073334
Peru,2004,27403845
Peru,2005,27723281
Peru,2006,28030688
Peru,2007,28328410
Peru,2008,28625628
Peru,2009,28934303
Peru,2010,29262830
Peru,2011,29614887
Peru,2012,29987800
Peru,2013,30375603
Philippines,1995,69606539
Philippines,1996,71184718
Philippines,1997,72780928
Philippines,1998,74393147
Philippines,1999,76018006
Philippines,2000,77651848
Philippines,2001,79297756
Philippines,2002,80953652
Philippines,2003,82604681
Philippines,2004,84231329
Philippines,2005,85821214
Philippines,2006,87366573
Philippines,2007,88875548
Philippines,2008,90371287
Philippines,2009,91886400
Philippines,2010,93444322
Philippines,2011,95053437
Philippines,2012,96706764
Philippines,2013,98393574
Poland,1995,38479899
Poland,1996,38480234
Poland,1997,38461279
Poland,1998,38428791
Poland,1999,38390217
Poland,2000,38351437
Poland,2001,38314744
Poland,2002,38280547
Poland,2003,38250426
Poland,2004,38225455
Poland,2005,38206337
Poland,2006,38194163
Poland,2007,38189136
Poland,2008,38189735
Poland,2009,38193591
Poland,2010,38198754
Poland,2011,38204598
Poland,2012,38210924
Poland,2013,38216635
Portugal,1995,10097055
Portugal,1996,10140627
Portugal,1997,10182158
Portugal,1998,10222540
Portugal,1999,10263532
Portugal,2000,10306192
Portugal,2001,10350660
Portugal,2002,10395630
Portugal,2003,10439031
Portugal,2004,10478122
Portugal,2005,10510967
Portugal,2006,10536701
Portugal,2007,10555902
Portugal,2008,10569881
Portugal,2009,10580673
Portugal,2010,10589792
Portugal,2011,10597629
Portugal,2012,10603804
Portugal,2013,10608156
"Republic of Korea",1995,44652994
"Republic of Korea",1996,44940974
"Republic of Korea",1997,45220543
"Republic of Korea",1998,45489131
"Republic of Korea",1999,45742103
"Republic of Korea",2000,45977210
"Republic of Korea",2001,46192932
"Republic of Korea",2002,46393993
"Republic of Korea",2003,46591762
"Republic of Korea",2004,46801310
"Republic of Korea",2005,47033082
"Republic of Korea",2006,47291491
"Republic of Korea",2007,47572585
"Republic of Korea",2008,47867970
"Republic of Korea",2009,48164969
"Republic of Korea",2010,48453931
"Republic of Korea",2011,48732640
"Republic of Korea",2012,49002683
"Republic of Korea",2013,49262698
"Republic of Moldova",1995,4339081
"Republic of Moldova",1996,4308050
"Republic of Moldova",1997,4268774
"Republic of Moldova",1998,4221726
"Republic of Moldova",1999,4167552
"Republic of Moldova",2000,4107184
"Republic of Moldova",2001,4040579
"Republic of Moldova",2002,3969040
"Republic of Moldova",2003,3896494
"Republic of Moldova",2004,3827963
"Republic of Moldova",2005,3767077
"Republic of Moldova",2006,3715541
"Republic of Moldova",2007,3672638
"Republic of Moldova",2008,3636510
"Republic of Moldova",2009,3604078
"Republic of Moldova",2010,3573024
"Republic of Moldova",2011,3542928
"Republic of Moldova",2012,3514381
"Republic of Moldova",2013,3487204
Romania,1995,22963512
Romania,1996,22841943
Romania,1997,22717415
Romania,1998,22596183
Romania,1999,22484940
Romania,2000,22388354
Romania,2001,22310092
Romania,2002,22249564
Romania,2003,22201592
Romania,2004,22158163
Romania,2005,22113264
Romania,2006,22065409
Romania,2007,22015937
Romania,2008,21964962
Romania,2009,21913311
Romania,2010,21861476
Romania,2011,21808931
Romania,2012,21754741
Romania,2013,21698585
"Russian Federation",1995,148602147
"Russian Federation",1996,148375246
"Russian Federation",1997,148079919
"Russian Federation",1998,147715550
"Russian Federation",1999,147275875
"Russian Federation",2000,146762881
"Russian Federation",2001,146170247
"Russian Federation",2002,145520813
"Russian Federation",2003,144879644
"Russian Federation",2004,144331352
"Russian Federation",2005,143932966
"Russian Federation",2006,143715023
"Russian Federation",2007,143652377
"Russian Federation",2008,143677033
"Russian Federation",2009,143689741
"Russian Federation",2010,143617913
"Russian Federation",2011,143438152
"Russian Federation",2012,143169653
"Russian Federation",2013,142833689
Rwanda,1995,5663838
Rwanda,1996,5929575
Rwanda,1997,6470628
Rwanda,1998,7169658
Rwanda,1999,7853015
Rwanda,2000,8395577
Rwanda,2001,8760003
Rwanda,2002,8987523
Rwanda,2003,9126167
Rwanda,2004,9254379
Rwanda,2005,9429457
Rwanda,2006,9660946
Rwanda,2007,9928143
Rwanda,2008,10222961
Rwanda,2009,10529668
Rwanda,2010,10836732
Rwanda,2011,11144315
Rwanda,2012,11457801
Rwanda,2013,11776522
"Saudi Arabia",1995,18567343
"Saudi Arabia",1996,18848350
"Saudi Arabia",1997,19060850
"Saudi Arabia",1998,19282965
"Saudi Arabia",1999,19620692
"Saudi Arabia",2000,20144584
"Saudi Arabia",2001,20891594
"Saudi Arabia",2002,21825217
"Saudi Arabia",2003,22852333
"Saudi Arabia",2004,23839231
"Saudi Arabia",2005,24690067
"Saudi Arabia",2006,25371936
"Saudi Arabia",2007,25915624
"Saudi Arabia",2008,26366358
"Saudi Arabia",2009,26796375
"Saudi Arabia",2010,27258387
"Saudi Arabia",2011,27761728
"Saudi Arabia",2012,28287855
"Saudi Arabia",2013,28828870
Senegal,1995,8711528
Senegal,1996,8940298
Senegal,1997,9164050
Senegal,1998,9387783
Senegal,1999,9618564
Senegal,2000,9861679
Senegal,2001,10119118
Senegal,2002,10390050
Senegal,2003,10673535
Senegal,2004,10967568
Senegal,2005,11270826
Senegal,2006,11582925
Senegal,2007,11904974
Senegal,2008,12238791
Senegal,2009,12586827
Senegal,2010,12950564
Senegal,2011,13330737
Senegal,2012,13726021
Senegal,2013,14133280
"Sierra Leone",1995,3927105
"Sierra Leone",1996,3919708
"Sierra Leone",1997,3928313
"Sierra Leone",1998,3961869
"Sierra Leone",1999,4030443
"Sierra Leone",2000,4139757
"Sierra Leone",2001,4295667
"Sierra Leone",2002,4493047
"Sierra Leone",2003,4712763
"Sierra Leone",2004,4928175
"Sierra Leone",2005,5119895
"Sierra Leone",2006,5280909
"Sierra Leone",2007,5416015
"Sierra Leone",2008,5532139
"Sierra Leone",2009,5641182
"Sierra Leone",2010,5751976
"Sierra Leone",2011,5865491
"Sierra Leone",2012,5978727
"Sierra Leone",2013,6092075
Somalia,1995,6346440
Somalia,1996,6481035
Somalia,1997,6673254
Somalia,1998,6904978
Somalia,1999,7149044
Somalia,2000,7385416
Somalia,2001,7609265
Somalia,2002,7825924
Somalia,2003,8037706
Somalia,2004,8249965
Somalia,2005,8466938
Somalia,2006,8687671
Somalia,2007,8910851
Somalia,2008,9140259
Somalia,2009,9380854
Somalia,2010,9636173
Somalia,2011,9907903
Somalia,2012,10195134
Somalia,2013,10495583
"South Africa",1995,41426810
"South Africa",1996,42204043
"South Africa",1997,42906581
"South Africa",1998,43558285
"South Africa",1999,44195890
"South Africa",2000,44846286
"South Africa",2001,45513217
"South Africa",2002,46187794
"South Africa",2003,46869028
"South Africa",2004,47553025
"South Africa",2005,48235291
"South Africa",2006,48919359
"South Africa",2007,49602778
"South Africa",2008,50267488
"South Africa",2009,50889543
"South Africa",2010,51452352
"South Africa",2011,51949041
"South Africa",2012,52385920
"South Africa",2013,52776130
Spain,1995,39420568
Spain,1996,39513721
Spain,1997,39603778
Spain,1998,39729942
Spain,1999,39944692
Spain,2000,40282828
Spain,2001,40756675
Spain,2002,41346738
Spain,2003,42015864
Spain,2004,42710301
Spain,2005,43387477
Spain,2006,44038456
Spain,2007,44664067
Spain,2008,45243381
Spain,2009,45754265
Spain,2010,46182038
Spain,2011,46514117
Spain,2012,46754541
Spain,2013,46926963
"Sri Lanka",1995,18241711
"Sri Lanka",1996,18367795
"Sri Lanka",1997,18473862
"Sri Lanka",1998,18575763
"Sri Lanka",1999,18695041
"Sri Lanka",2000,18846401
"Sri Lanka",2001,19037119
"Sri Lanka",2002,19260853
"Sri Lanka",2003,19501969
"Sri Lanka",2004,19737578
"Sri Lanka",2005,19951291
"Sri Lanka",2006,20137560
"Sri Lanka",2007,20301912
"Sri Lanka",2008,20452387
"Sri Lanka",2009,20601663
"Sri Lanka",2010,20758779
"Sri Lanka",2011,20925532
"Sri Lanka",2012,21098099
"Sri Lanka",2013,21273228
Sudan,1995,29963988
Sudan,1996,30824141
Sudan,1997,31682982
Sudan,1998,32551853
Sudan,1999,33447666
Sudan,2000,34382782
Sudan,2001,35359265
Sudan,2002,36373247
Sudan,2003,37423884
Sudan,2004,38508752
Sudan,2005,39625222
Sudan,2006,40774428
Sudan,2007,41954986
Sudan,2008,43158451
Sudan,2009,44373749
Sudan,2010,45592931
Sudan,2011,36430923
Sudan,2012,37195349
Sudan,2013,37964306
Swaziland,1995,963428
Swaziland,1996,984506
Swaziland,1997,1006760
Swaziland,1998,1028694
Swaziland,1999,1048151
Swaziland,2000,1063715
Swaziland,2001,1074761
Swaziland,2002,1082183
Swaziland,2003,1087929
Swaziland,2004,1094758
Swaziland,2005,1104642
Swaziland,2006,1118253
Swaziland,2007,1134977
Swaziland,2008,1153929
Swaziland,2009,1173678
Swaziland,2010,1193148
Swaziland,2011,1212159
Swaziland,2012,1230985
Swaziland,2013,1249514
"Syrian Arab Republic",1995,14338240
"Syrian Arab Republic",1996,14746306
"Syrian Arab Republic",1997,15168523
"Syrian Arab Republic",1998,15591261
"Syrian Arab Republic",1999,15995760
"Syrian Arab Republic",2000,16371208
"Syrian Arab Republic",2001,16700984
"Syrian Arab Republic",2002,16994676
"Syrian Arab Republic",2003,17298476
"Syrian Arab Republic",2004,17676012
"Syrian Arab Republic",2005,18167367
"Syrian Arab Republic",2006,18804914
"Syrian Arab Republic",2007,19561477
"Syrian Arab Republic",2008,20346056
"Syrian Arab Republic",2009,21031546
"Syrian Arab Republic",2010,21532647
"Syrian Arab Republic",2011,21804363
"Syrian Arab Republic",2012,21889682
"Syrian Arab Republic",2013,21898061
Tajikistan,1995,5784330
Tajikistan,1996,5862347
Tajikistan,1997,5937177
Tajikistan,1998,6012933
Tajikistan,1999,6094661
Tajikistan,2000,6186152
Tajikistan,2001,6289340
Tajikistan,2002,6404118
Tajikistan,2003,6529609
Tajikistan,2004,6663929
Tajikistan,2005,6805655
Tajikistan,2006,6954522
Tajikistan,2007,7111025
Tajikistan,2008,7275252
Tajikistan,2009,7447396
Tajikistan,2010,7627326
Tajikistan,2011,7814850
Tajikistan,2012,8008990
Tajikistan,2013,8207834
Thailand,1995,58983954
Thailand,1996,59562136
Thailand,1997,60206941
Thailand,1998,60903042
Thailand,1999,61623143
Thailand,2000,62343379
Thailand,2001,63069070
Thailand,2002,63797841
Thailand,2003,64488338
Thailand,2004,65087400
Thailand,2005,65559487
Thailand,2006,65883961
Thailand,2007,66076927
Thailand,2008,66185340
Thailand,2009,66277335
Thailand,2010,66402316
Thailand,2011,66576332
Thailand,2012,66785001
Thailand,2013,67010502
Togo,1995,4284497
Togo,1996,4392177
Togo,1997,4504291
Togo,1998,4620710
Togo,1999,4740974
Togo,2000,4864753
Togo,2001,4992225
Togo,2002,5123674
Togo,2003,5258956
Togo,2004,5397851
Togo,2005,5540214
Togo,2006,5685845
Togo,2007,5834806
Togo,2008,5987491
Togo,2009,6144457
Togo,2010,6306014
Togo,2011,6472304
Togo,2012,6642928
Togo,2013,6816982
Turkey,1995,58522320
Turkey,1996,59442502
Turkey,1997,60372413
Turkey,1998,61308204
Turkey,1999,62243779
Turkey,2000,63174483
Turkey,2001,64100297
Turkey,2002,65022300
Turkey,2003,65938265
Turkey,2004,66845635
Turkey,2005,67743052
Turkey,2006,68626337
Turkey,2007,69496513
Turkey,2008,70363511
Turkey,2009,71241080
Turkey,2010,72137546
Turkey,2011,73058638
Turkey,2012,73997128
Turkey,2013,74932641
Uganda,1995,20740726
Uganda,1996,21407693
Uganda,1997,22084527
Uganda,1998,22780451
Uganda,1999,23507800
Uganda,2000,24275641
Uganda,2001,25088033
Uganda,2002,25943441
Uganda,2003,26838428
Uganda,2004,27766986
Uganda,2005,28724869
Uganda,2006,29711397
Uganda,2007,30728747
Uganda,2008,31778799
Uganda,2009,32864328
Uganda,2010,33987213
Uganda,2011,35148064
Uganda,2012,36345860
Uganda,2013,37578876
Ukraine,1995,51146967
Ukraine,1996,50821019
Ukraine,1997,50421998
Ukraine,1998,49974187
Ukraine,1999,49510626
Ukraine,2000,49057226
Ukraine,2001,48620596
Ukraine,2002,48200504
Ukraine,2003,47807199
Ukraine,2004,47450472
Ukraine,2005,47135932
Ukraine,2006,46871328
Ukraine,2007,46653183
Ukraine,2008,46461350
Ukraine,2009,46267306
Ukraine,2010,46050220
Ukraine,2011,45802721
Ukraine,2012,45529944
Ukraine,2013,45238805
"United Kingdom of Great Britain and Northern Ireland",1995,57997197
"United Kingdom of Great Britain and Northern Ireland",1996,58168519
"United Kingdom of Great Britain and Northern Ireland",1997,58346633
"United Kingdom of Great Britain and Northern Ireland",1998,58534306
"United Kingdom of Great Britain and Northern Ireland",1999,58735006
"United Kingdom of Great Britain and Northern Ireland",2000,58951444
"United Kingdom of Great Britain and Northern Ireland",2001,59183774
"United Kingdom of Great Britain and Northern Ireland",2002,59431937
"United Kingdom of Great Britain and Northern Ireland",2003,59697954
"United Kingdom of Great Britain and Northern Ireland",2004,59984118
"United Kingdom of Great Britain and Northern Ireland",2005,60291414
"United Kingdom of Great Britain and Northern Ireland",2006,60620907
"United Kingdom of Great Britain and Northern Ireland",2007,60970360
"United Kingdom of Great Britain and Northern Ireland",2008,61333257
"United Kingdom of Great Britain and Northern Ireland",2009,61700797
"United Kingdom of Great Britain and Northern Ireland",2010,62066350
"United Kingdom of Great Britain and Northern Ireland",2011,62426923
"United Kingdom of Great Britain and Northern Ireland",2012,62783115
"United Kingdom of Great Britain and Northern Ireland",2013,63136265
"United Republic of Tanzania",1995,29944302
"United Republic of Tanzania",1996,30780453
"United Republic of Tanzania",1997,31586039
"United Republic of Tanzania",1998,32378333
"United Republic of Tanzania",1999,33183093
"United Republic of Tanzania",2000,34020512
"United Republic of Tanzania",2001,34895398
"United Republic of Tanzania",2002,35806497
"United Republic of Tanzania",2003,36760831
"United Republic of Tanzania",2004,37765139
"United Republic of Tanzania",2005,38824384
"United Republic of Tanzania",2006,39942347
"United Republic of Tanzania",2007,41119693
"United Republic of Tanzania",2008,42353790
"United Republic of Tanzania",2009,43639752
"United Republic of Tanzania",2010,44973330
"United Republic of Tanzania",2011,46354607
"United Republic of Tanzania",2012,47783107
"United Republic of Tanzania",2013,49253126
"United States of America",1995,268039654
"United States of America",1996,271231546
"United States of America",1997,274606475
"United States of America",1998,278053607
"United States of America",1999,281419130
"United States of America",2000,284594395
"United States of America",2001,287532638
"United States of America",2002,290270187
"United States of America",2003,292883010
"United States of America",2004,295487267
"United States of America",2005,298165797
"United States of America",2006,300942917
"United States of America",2007,303786752
"United States of America",2008,306657153
"United States of America",2009,309491893
"United States of America",2010,312247116
"United States of America",2011,314911752
"United States of America",2012,317505266
"United States of America",2013,320050716
Uzbekistan,1995,22950898
Uzbekistan,1996,23381250
Uzbekistan,1997,23789736
Uzbekistan,1998,24170760
Uzbekistan,1999,24517962
Uzbekistan,2000,24828562
Uzbekistan,2001,25098636
Uzbekistan,2002,25334021
Uzbekistan,2003,25553928
Uzbekistan,2004,25784397
Uzbekistan,2005,26044401
Uzbekistan,2006,26340696
Uzbekistan,2007,26668950
Uzbekistan,2008,27023200
Uzbekistan,2009,27392784
Uzbekistan,2010,27769270
Uzbekistan,2011,28151746
Uzbekistan,2012,28541423
Uzbekistan,2013,28934102
"Venezuela (Bolivarian Republic of)",1995,22092144
"Venezuela (Bolivarian Republic of)",1996,22556838
"Venezuela (Bolivarian Republic of)",1997,23020184
"Venezuela (Bolivarian Republic of)",1998,23482700
"Venezuela (Bolivarian Republic of)",1999,23945002
"Venezuela (Bolivarian Republic of)",2000,24407553
"Venezuela (Bolivarian Republic of)",2001,24870441
"Venezuela (Bolivarian Republic of)",2002,25333622
"Venezuela (Bolivarian Republic of)",2003,25797219
"Venezuela (Bolivarian Republic of)",2004,26261326
"Venezuela (Bolivarian Republic of)",2005,26725897
"Venezuela (Bolivarian Republic of)",2006,27190882
"Venezuela (Bolivarian Republic of)",2007,27655937
"Venezuela (Bolivarian Republic of)",2008,28120312
"Venezuela (Bolivarian Republic of)",2009,28583040
"Venezuela (Bolivarian Republic of)",2010,29043283
"Venezuela (Bolivarian Republic of)",2011,29500625
"Venezuela (Bolivarian Republic of)",2012,29954782
"Venezuela (Bolivarian Republic of)",2013,30405207
"Viet Nam",1995,76020043
"Viet Nam",1996,77166873
"Viet Nam",1997,78199254
"Viet Nam",1998,79140734
"Viet Nam",1999,80027521
"Viet Nam",2000,80887879
"Viet Nam",2001,81728768
"Viet Nam",2002,82547682
"Viet Nam",2003,83352595
"Viet Nam",2004,84150651
"Viet Nam",2005,84947852
"Viet Nam",2006,85747625
"Viet Nam",2007,86553201
"Viet Nam",2008,87369203
"Viet Nam",2009,88199997
"Viet Nam",2010,89047397
"Viet Nam",2011,89913956
"Viet Nam",2012,90795769
"Viet Nam",2013,91679733
Yemen,1995,15018201
Yemen,1996,15578640
Yemen,1997,16088019
Yemen,1998,16564235
Yemen,1999,17035531
Yemen,2000,17522537
Yemen,2001,18029989
Yemen,2002,18551068
Yemen,2003,19081306
Yemen,2004,19612696
Yemen,2005,20139661
Yemen,2006,20661714
Yemen,2007,21182162
Yemen,2008,21703571
Yemen,2009,22229625
Yemen,2010,22763008
Yemen,2011,23304206
Yemen,2012,23852409
Yemen,2013,24407381
Zambia,1995,8841338
Zambia,1996,9073311
Zambia,1997,9320089
Zambia,1998,9577483
Zambia,1999,9839179
Zambia,2000,10100981
Zambia,2001,10362137
Zambia,2002,10625423
Zambia,2003,10894519
Zambia,2004,11174650
Zambia,2005,11470022
Zambia,2006,11781612
Zambia,2007,12109620
Zambia,2008,12456527
Zambia,2009,12825031
Zambia,2010,13216985
Zambia,2011,13633796
Zambia,2012,14075099
Zambia,2013,14538640
Zimbabwe,1995,11639364
Zimbabwe,1996,11846110
Zimbabwe,1997,12045813
Zimbabwe,1998,12229500
Zimbabwe,1999,12384727
Zimbabwe,2000,12503652
Zimbabwe,2001,12586763
Zimbabwe,2002,12640922
Zimbabwe,2003,12673103
Zimbabwe,2004,12693047
Zimbabwe,2005,12710589
Zimbabwe,2006,12724308
Zimbabwe,2007,12740160
Zimbabwe,2008,12784041
Zimbabwe,2009,12888918
Zimbabwe,2010,13076978
Zimbabwe,2011,13358738
Zimbabwe,2012,13724317
Zimbabwe,2013,14149648
