"country group",year,child,adult,elderly,"tot tb"
Afghanistan,1995,NULL,NULL,NULL,NULL
Afghanistan,1996,NULL,NULL,NULL,NULL
Afghanistan,1997,5,122,1,128
Afghanistan,1998,75,1642,61,1778
Afghanistan,1999,33,696,16,745
Afghanistan,2000,145,2405,116,2666
Afghanistan,2001,275,4172,192,4639
Afghanistan,2002,282,5820,407,6509
Afghanistan,2003,372,5795,361,6528
Afghanistan,2004,395,7284,566,8245
Afghanistan,2005,471,8813,665,9949
Afghanistan,2006,635,11115,719,12469
Afghanistan,2007,661,11692,860,13213
Afghanistan,2008,615,11582,939,13136
Afghanistan,2009,639,10875,989,12503
Afghanistan,2010,642,11195,1110,12947
Afghanistan,2011,2422,11893,1227,15542
Afghanistan,2012,3043,11575,1156,15774
Afghanistan,2013,3454,NULL,NULL,NULL
Algeria,1995,NULL,NULL,NULL,NULL
Algeria,1996,NULL,NULL,NULL,NULL
Algeria,1997,751,7399,752,8902
Algeria,1998,NULL,NULL,NULL,NULL
Algeria,1999,132,6312,644,7088
Algeria,2000,95,7344,611,8050
Algeria,2001,120,7109,724,7953
Algeria,2002,110,7598,538,8246
Algeria,2003,114,6843,684,7641
Algeria,2004,155,7092,732,7979
Algeria,2005,155,7608,891,8654
Algeria,2006,121,6507,768,7396
Algeria,2007,204,7437,798,8439
Algeria,2008,249,7648,749,8646
Algeria,2009,133,7565,704,8402
Algeria,2010,131,7404,764,8299
Algeria,2011,100,7002,688,7790
Algeria,2012,89,6743,678,7510
Algeria,2013,75,6288,761,7124
Angola,1995,757,3803,32,4592
Angola,1996,748,6986,282,8016
Angola,1997,850,7013,338,8201
Angola,1998,537,6558,227,7322
Angola,1999,850,7964,428,9242
Angola,2000,433,7402,314,8149
Angola,2001,509,5941,355,6805
Angola,2002,1075,16164,749,17988
Angola,2003,1000,17481,490,18971
Angola,2004,1287,18456,590,20333
Angola,2005,1224,18308,878,20410
Angola,2006,1229,19528,742,21499
Angola,2007,1187,19403,832,21422
Angola,2008,879,20926,757,22562
Angola,2009,960,20793,735,22488
Angola,2010,1006,19499,641,21146
Angola,2011,5940,19693,801,26434
Angola,2012,982,19334,808,21124
Angola,2013,1112,19849,700,21661
Argentina,1995,NULL,NULL,NULL,NULL
Argentina,1996,220,4818,749,5787
Argentina,1997,229,4461,627,5317
Argentina,1998,178,4238,646,5062
Argentina,1999,198,3942,629,4769
Argentina,2000,218,3755,546,4519
Argentina,2001,163,4658,685,5506
Argentina,2002,187,4542,654,5383
Argentina,2003,188,4135,636,4959
Argentina,2004,162,3922,582,4666
Argentina,2005,154,3894,588,4636
Argentina,2006,948,5946,1014,7908
Argentina,2007,1265,7055,1056,9376
Argentina,2008,1049,6971,939,8959
Argentina,2009,642,5627,852,7121
Argentina,2010,531,5485,811,6827
Argentina,2011,1014,7361,844,9219
Argentina,2012,831,6572,847,8250
Argentina,2013,893,7134,865,8892
Azerbaijan,1995,0,89,1,90
Azerbaijan,1996,5,1027,26,1058
Azerbaijan,1997,0,972,3,975
Azerbaijan,1998,0,159,2,161
Azerbaijan,1999,0,763,0,763
Azerbaijan,2000,0,153,0,153
Azerbaijan,2001,5,NULL,NULL,NULL
Azerbaijan,2002,11,1613,37,1661
Azerbaijan,2003,4,1132,25,1161
Azerbaijan,2004,16,1349,107,1472
Azerbaijan,2005,167,1282,112,1561
Azerbaijan,2006,217,4086,126,4429
Azerbaijan,2007,NULL,NULL,NULL,NULL
Azerbaijan,2008,NULL,NULL,NULL,NULL
Azerbaijan,2009,271,1090,49,1410
Azerbaijan,2010,244,4372,176,4792
Azerbaijan,2011,186,924,20,1130
Azerbaijan,2012,212,4189,215,4616
Azerbaijan,2013,215,4114,199,4528
Bangladesh,1995,93,5468,462,6023
Bangladesh,1996,134,6904,513,7551
Bangladesh,1997,529,27526,2239,30294
Bangladesh,1998,692,34038,2893,37623
Bangladesh,1999,664,33976,3034,37674
Bangladesh,2000,751,34025,3207,37983
Bangladesh,2001,711,36366,3410,40487
Bangladesh,2002,1024,41200,4547,46771
Bangladesh,2003,864,48021,4733,53618
Bangladesh,2004,1009,55629,5862,62500
Bangladesh,2005,1275,74890,8683,84848
Bangladesh,2006,4179,121750,15019,140948
Bangladesh,2007,1352,91296,11648,104296
Bangladesh,2008,6942,160553,19976,187471
Bangladesh,2009,3466,NULL,NULL,NULL
Bangladesh,2010,4235,128158,18463,150856
Bangladesh,2011,4667,125077,18454,148198
Bangladesh,2012,4842,136346,20602,161790
Bangladesh,2013,5051,151220,25366,181637
Belarus,1995,NULL,NULL,NULL,NULL
Belarus,1996,NULL,NULL,NULL,NULL
Belarus,1997,NULL,NULL,NULL,NULL
Belarus,1998,NULL,NULL,NULL,NULL
Belarus,1999,NULL,NULL,NULL,NULL
Belarus,2000,NULL,NULL,NULL,NULL
Belarus,2001,6,NULL,NULL,NULL
Belarus,2002,0,746,92,838
Belarus,2003,0,913,105,1018
Belarus,2004,1,985,123,1109
Belarus,2005,NULL,1111,124,NULL
Belarus,2006,61,4554,527,5142
Belarus,2007,31,4296,545,4872
Belarus,2008,38,4086,510,4634
Belarus,2009,11,1414,206,1631
Belarus,2010,31,3879,435,4345
Belarus,2011,26,3634,383,4043
Belarus,2012,21,3422,399,3842
Belarus,2013,14,3974,482,4470
Benin,1995,40,1685,114,1839
Benin,1996,51,1719,98,1868
Benin,1997,46,1757,133,1936
Benin,1998,35,1863,90,1988
Benin,1999,42,2045,115,2202
Benin,2000,55,2132,99,2286
Benin,2001,40,2153,100,2293
Benin,2002,51,2242,118,2411
Benin,2003,52,2265,117,2434
Benin,2004,59,2417,106,2582
Benin,2005,46,2567,126,2739
Benin,2006,50,2746,147,2943
Benin,2007,47,2594,129,2770
Benin,2008,58,2778,130,2966
Benin,2009,71,2753,136,2960
Benin,2010,47,2806,120,2973
Benin,2011,62,3110,159,3331
Benin,2012,62,2942,167,3171
Benin,2013,48,2933,148,3129
"Bolivia (Plurinational State of)",1995,NULL,NULL,NULL,NULL
"Bolivia (Plurinational State of)",1996,350,6100,499,6949
"Bolivia (Plurinational State of)",1997,352,5601,505,6458
"Bolivia (Plurinational State of)",1998,369,5629,583,6581
"Bolivia (Plurinational State of)",1999,447,5604,622,6673
"Bolivia (Plurinational State of)",2000,357,5502,599,6458
"Bolivia (Plurinational State of)",2001,406,5628,638,6672
"Bolivia (Plurinational State of)",2002,512,5636,681,6829
"Bolivia (Plurinational State of)",2003,323,5274,747,6344
"Bolivia (Plurinational State of)",2004,312,5221,680,6213
"Bolivia (Plurinational State of)",2005,317,5284,677,6278
"Bolivia (Plurinational State of)",2006,306,4843,639,5788
"Bolivia (Plurinational State of)",2007,241,4546,613,5400
"Bolivia (Plurinational State of)",2008,275,5093,680,6048
"Bolivia (Plurinational State of)",2009,388,6299,992,7679
"Bolivia (Plurinational State of)",2010,481,6448,1008,7937
"Bolivia (Plurinational State of)",2011,512,6531,1067,8110
"Bolivia (Plurinational State of)",2012,409,6444,958,7811
"Bolivia (Plurinational State of)",2013,435,6761,1131,8327
Botswana,1995,NULL,NULL,NULL,NULL
Botswana,1996,NULL,NULL,NULL,NULL
Botswana,1997,57,2499,130,2686
Botswana,1998,NULL,NULL,NULL,NULL
Botswana,1999,64,2661,130,2855
Botswana,2000,62,2901,132,3095
Botswana,2001,48,2915,96,3059
Botswana,2002,62,3165,110,3337
Botswana,2003,54,2875,121,3050
Botswana,2004,78,2918,132,3128
Botswana,2005,72,2953,145,3170
Botswana,2006,90,3020,142,3252
Botswana,2007,71,2812,119,3002
Botswana,2008,686,6746,394,7826
Botswana,2009,853,6716,397,7966
Botswana,2010,523,5674,363,6560
Botswana,2011,474,5032,359,5865
Botswana,2012,535,4929,321,5785
Botswana,2013,556,5783,495,6834
Brazil,1995,NULL,NULL,NULL,NULL
Brazil,1996,NULL,NULL,NULL,NULL
Brazil,1997,NULL,NULL,NULL,NULL
Brazil,1998,NULL,NULL,NULL,NULL
Brazil,1999,673,33837,3227,37737
Brazil,2000,3753,69745,6990,80488
Brazil,2001,984,33795,2712,37491
Brazil,2002,724,37384,2615,40723
Brazil,2003,783,36021,3079,39883
Brazil,2004,712,38811,3358,42881
Brazil,2005,672,38177,3244,42093
Brazil,2006,2930,64617,6811,74358
Brazil,2007,2936,62539,6352,71827
Brazil,2008,2732,61641,6111,70484
Brazil,2009,2749,62470,6353,71572
Brazil,2010,2450,61972,6426,70848
Brazil,2011,2515,62143,6544,71202
Brazil,2012,2388,62362,6322,71072
Brazil,2013,2647,66167,7182,75996
"Burkina Faso",1995,11,639,39,689
"Burkina Faso",1996,13,840,46,899
"Burkina Faso",1997,13,840,46,899
"Burkina Faso",1998,13,1239,79,1331
"Burkina Faso",1999,21,1151,76,1248
"Burkina Faso",2000,19,1189,79,1287
"Burkina Faso",2001,24,1392,102,1518
"Burkina Faso",2002,18,1400,108,1526
"Burkina Faso",2003,33,1554,116,1703
"Burkina Faso",2004,32,1759,135,1926
"Burkina Faso",2005,33,2108,153,2294
"Burkina Faso",2006,46,2426,187,2659
"Burkina Faso",2007,155,3250,299,3704
"Burkina Faso",2008,41,2512,203,2756
"Burkina Faso",2009,65,2730,266,3061
"Burkina Faso",2010,53,2732,256,3041
"Burkina Faso",2011,53,3109,288,3450
"Burkina Faso",2012,52,3251,280,3583
"Burkina Faso",2013,54,3274,288,3616
Burundi,1995,24,1062,23,1109
Burundi,1996,34,1447,24,1505
Burundi,1997,51,2124,51,2226
Burundi,1998,94,2778,49,2921
Burundi,1999,130,2709,85,2924
Burundi,2000,NULL,NULL,NULL,NULL
Burundi,2001,115,2871,54,3040
Burundi,2002,64,2652,75,2791
Burundi,2003,107,2865,45,3017
Burundi,2004,75,2945,67,3087
Burundi,2005,80,3094,88,3262
Burundi,2006,71,2970,78,3119
Burundi,2007,81,3388,126,3595
Burundi,2008,68,3424,118,3610
Burundi,2009,84,3733,157,3974
Burundi,2010,669,6341,369,7379
Burundi,2011,475,5717,302,6494
Burundi,2012,525,5899,284,6708
Burundi,2013,528,6351,370,7249
"C??te d'Ivoire",1995,140,7965,149,8254
"C??te d'Ivoire",1996,257,6877,253,7387
"C??te d'Ivoire",1997,205,8477,359,9041
"C??te d'Ivoire",1998,176,8837,378,9391
"C??te d'Ivoire",1999,230,8359,363,8952
"C??te d'Ivoire",2000,NULL,NULL,NULL,NULL
"C??te d'Ivoire",2001,235,9252,414,9901
"C??te d'Ivoire",2002,237,10339,449,11025
"C??te d'Ivoire",2003,270,10411,517,11198
"C??te d'Ivoire",2004,274,11281,581,12136
"C??te d'Ivoire",2005,321,11496,586,12403
"C??te d'Ivoire",2006,362,11928,577,12867
"C??te d'Ivoire",2007,398,13009,664,14071
"C??te d'Ivoire",2008,538,14020,736,15294
"C??te d'Ivoire",2009,436,13300,564,14300
"C??te d'Ivoire",2010,405,13142,584,14131
"C??te d'Ivoire",2011,433,13412,571,14416
"C??te d'Ivoire",2012,367,13600,693,14660
"C??te d'Ivoire",2013,390,14151,700,15241
Cambodia,1995,284,10916,1285,12485
Cambodia,1996,272,10520,1273,12065
Cambodia,1997,NULL,NULL,NULL,NULL
Cambodia,1998,59,12175,1615,13849
Cambodia,1999,92,13711,1941,15744
Cambodia,2000,64,12809,1950,14823
Cambodia,2001,54,12441,1866,14361
Cambodia,2002,108,14618,2532,17258
Cambodia,2003,83,16097,2743,18923
Cambodia,2004,64,16106,2808,18978
Cambodia,2005,94,17523,3384,21001
Cambodia,2006,94,15978,3222,19294
Cambodia,2007,114,16204,3103,19421
Cambodia,2008,121,16449,3290,19860
Cambodia,2009,82,14857,2924,17863
Cambodia,2010,99,14425,2930,17454
Cambodia,2011,73,13222,2581,15876
Cambodia,2012,53,12064,2724,14841
Cambodia,2013,64,11405,2614,14083
Cameroon,1995,29,2571,257,2857
Cameroon,1996,55,2233,25,2313
Cameroon,1997,61,3449,38,3548
Cameroon,1998,45,4264,65,4374
Cameroon,1999,96,5656,80,5832
Cameroon,2000,104,3748,108,3960
Cameroon,2001,73,4487,136,4696
Cameroon,2002,125,7071,169,7365
Cameroon,2003,236,10224,232,10692
Cameroon,2004,308,10511,399,11218
Cameroon,2005,360,12209,432,13001
Cameroon,2006,263,12165,442,12870
Cameroon,2007,273,12492,455,13220
Cameroon,2008,281,13527,429,14237
Cameroon,2009,262,13713,512,14487
Cameroon,2010,278,13674,512,14464
Cameroon,2011,292,14080,555,14927
Cameroon,2012,292,14162,562,15016
Cameroon,2013,291,NULL,NULL,NULL
"Central African Republic",1995,77,1690,27,1794
"Central African Republic",1996,98,1865,21,1984
"Central African Republic",1997,107,2130,36,2273
"Central African Republic",1998,95,2470,72,2637
"Central African Republic",1999,100,2518,107,2725
"Central African Republic",2000,NULL,NULL,NULL,NULL
"Central African Republic",2001,40,1325,17,1382
"Central African Republic",2002,142,2576,40,2758
"Central African Republic",2003,NULL,NULL,NULL,NULL
"Central African Republic",2004,26,2874,23,2923
"Central African Republic",2005,59,2064,30,2153
"Central African Republic",2006,211,6157,49,6417
"Central African Republic",2007,NULL,NULL,NULL,NULL
"Central African Republic",2008,170,3924,138,4232
"Central African Republic",2009,261,4709,162,5132
"Central African Republic",2010,812,5312,178,6302
"Central African Republic",2011,661,4525,121,5307
"Central African Republic",2012,174,4336,131,4641
"Central African Republic",2013,147,3956,93,4196
Chad,1995,NULL,NULL,NULL,NULL
Chad,1996,NULL,NULL,NULL,NULL
Chad,1997,NULL,NULL,NULL,NULL
Chad,1998,NULL,NULL,NULL,NULL
Chad,1999,33,2872,15,2920
Chad,2000,NULL,NULL,NULL,NULL
Chad,2001,NULL,NULL,NULL,NULL
Chad,2002,42,3447,28,3517
Chad,2003,267,3203,129,3599
Chad,2004,113,2112,45,2270
Chad,2005,53,2354,109,2516
Chad,2006,NULL,NULL,NULL,NULL
Chad,2007,NULL,NULL,NULL,NULL
Chad,2008,141,NULL,NULL,NULL
Chad,2009,95,3537,186,3818
Chad,2010,679,6659,363,7701
Chad,2011,717,7177,372,8266
Chad,2012,733,7190,366,8289
Chad,2013,867,9693,677,11237
Chile,1995,48,1306,270,1624
Chile,1996,19,1250,211,1480
Chile,1997,22,1250,251,1523
Chile,1998,NULL,NULL,NULL,NULL
Chile,1999,13,1254,230,1497
Chile,2000,16,1065,209,1290
Chile,2001,11,1123,221,1355
Chile,2002,13,1150,249,1412
Chile,2003,9,1051,216,1276
Chile,2004,8,1047,242,1297
Chile,2005,7,943,226,1176
Chile,2006,59,1745,467,2271
Chile,2007,47,1780,439,2266
Chile,2008,49,1788,438,2275
Chile,2009,57,1716,437,2210
Chile,2010,52,1709,448,2209
Chile,2011,50,1762,451,2263
Chile,2012,49,1677,489,2215
Chile,2013,59,1858,487,2404
China,1995,2271,115952,12971,131194
China,1996,3033,147595,17642,168270
China,1997,2990,171041,21864,195895
China,1998,3039,185136,26229,214404
China,1999,2678,182550,27030,212258
China,2000,2551,183148,28067,213766
China,2001,2618,180858,29290,212766
China,2002,2077,163593,29302,194972
China,2003,2540,223248,41492,267280
China,2004,3034,315316,66536,384886
China,2005,3280,378416,91023,472719
China,2006,2431,376091,89769,468291
China,2007,2113,372049,91715,465877
China,2008,1715,370117,90764,462596
China,2009,7243,707958,169276,884477
China,2010,6710,699935,162447,869092
China,2011,5799,697313,161947,865059
China,2012,5625,682549,170687,858861
China,2013,4830,670432,171914,847176
"China, Hong Kong SAR",1995,NULL,NULL,NULL,NULL
"China, Hong Kong SAR",1996,NULL,NULL,NULL,NULL
"China, Hong Kong SAR",1997,17,1250,769,2036
"China, Hong Kong SAR",1998,NULL,NULL,NULL,NULL
"China, Hong Kong SAR",1999,11,1136,620,1767
"China, Hong Kong SAR",2000,9,1142,789,1940
"China, Hong Kong SAR",2001,19,1119,719,1857
"China, Hong Kong SAR",2002,10,1186,696,1892
"China, Hong Kong SAR",2003,18,1144,632,1794
"China, Hong Kong SAR",2004,9,1068,617,1694
"China, Hong Kong SAR",2005,60,3367,2014,5441
"China, Hong Kong SAR",2006,47,3139,1956,5142
"China, Hong Kong SAR",2007,49,2968,1956,4973
"China, Hong Kong SAR",2008,47,3067,2054,5168
"China, Hong Kong SAR",2009,46,2890,1903,4839
"China, Hong Kong SAR",2010,44,2781,1794,4619
"China, Hong Kong SAR",2011,35,2712,1692,4439
"China, Hong Kong SAR",2012,27,2688,1771,4486
"China, Hong Kong SAR",2013,34,2862,1848,4744
Colombia,1995,NULL,NULL,NULL,NULL
Colombia,1996,NULL,NULL,NULL,NULL
Colombia,1997,NULL,NULL,NULL,NULL
Colombia,1998,NULL,NULL,NULL,NULL
Colombia,1999,270,6849,1210,8329
Colombia,2000,440,6662,1256,8358
Colombia,2001,409,6601,1012,8022
Colombia,2002,376,5110,1033,6519
Colombia,2003,411,6379,1182,7972
Colombia,2004,413,6064,1163,7640
Colombia,2005,357,5423,1090,6870
Colombia,2006,805,8162,1729,10696
Colombia,2007,616,8132,1779,10527
Colombia,2008,699,8444,1788,10931
Colombia,2009,717,8430,1838,10985
Colombia,2010,719,8101,1889,10709
Colombia,2011,633,8537,1972,11142
Colombia,2012,621,8455,1990,11066
Colombia,2013,571,9071,2095,11737
Congo,1995,33,1927,26,1986
Congo,1996,NULL,NULL,NULL,NULL
Congo,1997,NULL,NULL,NULL,NULL
Congo,1998,NULL,NULL,NULL,NULL
Congo,1999,42,1941,49,2032
Congo,2000,NULL,NULL,NULL,NULL
Congo,2001,84,3908,172,4164
Congo,2002,NULL,NULL,NULL,NULL
Congo,2003,NULL,NULL,NULL,NULL
Congo,2004,47,3996,76,4119
Congo,2005,NULL,NULL,NULL,NULL
Congo,2006,76,3010,105,3191
Congo,2007,73,3356,123,3552
Congo,2008,87,3184,100,3371
Congo,2009,115,3215,103,3433
Congo,2010,90,3248,111,3449
Congo,2011,130,3413,173,3716
Congo,2012,109,3695,180,3984
Congo,2013,81,3691,131,3903
"Democratic People's Republic of Korea",1995,NULL,NULL,NULL,NULL
"Democratic People's Republic of Korea",1996,NULL,NULL,NULL,NULL
"Democratic People's Republic of Korea",1997,7,3585,388,3980
"Democratic People's Republic of Korea",1998,0,262,40,302
"Democratic People's Republic of Korea",1999,24,2607,42,2673
"Democratic People's Republic of Korea",2000,460,14972,1008,16440
"Democratic People's Republic of Korea",2001,330,13156,942,14428
"Democratic People's Republic of Korea",2002,339,16971,1266,18576
"Democratic People's Republic of Korea",2003,179,16209,1004,17392
"Democratic People's Republic of Korea",2004,293,17457,729,18479
"Democratic People's Republic of Korea",2005,333,16662,821,17816
"Democratic People's Republic of Korea",2006,244,17203,988,18435
"Democratic People's Republic of Korea",2007,759,21702,1114,23575
"Democratic People's Republic of Korea",2008,3916,62974,3494,70384
"Democratic People's Republic of Korea",2009,3919,65980,4190,74089
"Democratic People's Republic of Korea",2010,3904,72888,4448,81240
"Democratic People's Republic of Korea",2011,4439,77025,4100,85564
"Democratic People's Republic of Korea",2012,4329,76537,4318,85184
"Democratic People's Republic of Korea",2013,5239,81070,4282,90591
"Democratic Republic of the Congo",1995,704,12939,426,14069
"Democratic Republic of the Congo",1996,520,10633,434,11587
"Democratic Republic of the Congo",1997,580,12236,426,13242
"Democratic Republic of the Congo",1998,1106,28677,790,30573
"Democratic Republic of the Congo",1999,1182,32808,931,34921
"Democratic Republic of the Congo",2000,1203,33332,953,35488
"Democratic Republic of the Congo",2001,1423,37833,1194,40450
"Democratic Republic of the Congo",2002,1523,40690,1267,43480
"Democratic Republic of the Congo",2003,2087,49607,1639,53333
"Democratic Republic of the Congo",2004,2874,57368,1950,62192
"Democratic Republic of the Congo",2005,3016,59574,2450,65040
"Democratic Republic of the Congo",2006,2639,58026,2479,63144
"Democratic Republic of the Congo",2007,3185,60063,2851,66099
"Democratic Republic of the Congo",2008,3343,63236,2898,69477
"Democratic Republic of the Congo",2009,3226,64106,3157,70489
"Democratic Republic of the Congo",2010,3694,66741,3218,73653
"Democratic Republic of the Congo",2011,3379,64736,3206,71321
"Democratic Republic of the Congo",2012,3138,64788,3198,71124
"Democratic Republic of the Congo",2013,3086,64855,3279,71220
Djibouti,1995,NULL,NULL,NULL,NULL
Djibouti,1996,61,1703,32,1796
Djibouti,1997,103,1775,27,1905
Djibouti,1998,51,1614,32,1697
Djibouti,1999,45,1500,25,1570
Djibouti,2000,29,1313,52,1394
Djibouti,2001,34,1247,31,1312
Djibouti,2002,38,1186,29,1253
Djibouti,2003,29,1131,32,1192
Djibouti,2004,35,1013,38,1086
Djibouti,2005,41,1042,37,1120
Djibouti,2006,38,1090,25,1153
Djibouti,2007,522,2217,87,2826
Djibouti,2008,39,1280,56,1375
Djibouti,2009,36,1306,35,1377
Djibouti,2010,48,1094,39,1181
Djibouti,2011,66,1216,54,1336
Djibouti,2012,42,1084,44,1170
Djibouti,2013,45,1053,52,1150
"Dominican Republic",1995,NULL,NULL,NULL,NULL
"Dominican Republic",1996,38,1198,64,1300
"Dominican Republic",1997,129,2416,137,2682
"Dominican Republic",1998,122,1989,83,2194
"Dominican Republic",1999,189,2981,319,3489
"Dominican Republic",2000,138,2581,188,2907
"Dominican Republic",2001,NULL,NULL,NULL,NULL
"Dominican Republic",2002,74,1972,133,2179
"Dominican Republic",2003,100,2521,185,2806
"Dominican Republic",2004,84,2488,148,2720
"Dominican Republic",2005,100,2690,159,2949
"Dominican Republic",2006,63,2445,150,2658
"Dominican Republic",2007,52,2193,128,2373
"Dominican Republic",2008,50,2251,157,2458
"Dominican Republic",2009,58,2239,144,2441
"Dominican Republic",2010,72,1940,147,2159
"Dominican Republic",2011,50,2234,170,2454
"Dominican Republic",2012,41,2263,179,2483
"Dominican Republic",2013,52,2448,175,2675
Ecuador,1995,NULL,NULL,NULL,NULL
Ecuador,1996,NULL,NULL,NULL,NULL
Ecuador,1997,NULL,NULL,NULL,NULL
Ecuador,1998,213,NULL,NULL,NULL
Ecuador,1999,NULL,NULL,NULL,NULL
Ecuador,2000,NULL,NULL,NULL,NULL
Ecuador,2001,76,4057,306,4439
Ecuador,2002,NULL,NULL,NULL,NULL
Ecuador,2003,42,1521,136,1699
Ecuador,2004,192,3875,273,4340
Ecuador,2005,96,2666,286,3048
Ecuador,2006,78,2809,295,3182
Ecuador,2007,99,2999,350,3448
Ecuador,2008,88,2945,347,3380
Ecuador,2009,89,2865,376,3330
Ecuador,2010,84,2933,356,3373
Ecuador,2011,230,3994,485,4709
Ecuador,2012,203,4182,612,4997
Ecuador,2013,234,4459,584,5277
Egypt,1995,357,3883,235,4475
Egypt,1996,122,4315,198,4635
Egypt,1997,114,4784,176,5074
Egypt,1998,105,4754,218,5077
Egypt,1999,88,4419,206,4713
Egypt,2000,76,4298,206,4580
Egypt,2001,91,4215,208,4514
Egypt,2002,116,4430,231,4777
Egypt,2003,99,4636,266,5001
Egypt,2004,58,4303,258,4619
Egypt,2005,73,3492,165,3730
Egypt,2006,764,8328,467,9559
Egypt,2007,569,8363,526,9458
Egypt,2008,517,7800,622,8939
Egypt,2009,474,8214,601,9289
Egypt,2010,490,7866,530,8886
Egypt,2011,572,7461,490,8523
Egypt,2012,550,7128,467,8145
Egypt,2013,512,6601,421,7534
Ethiopia,1995,530,5484,66,6080
Ethiopia,1996,671,8451,103,9225
Ethiopia,1997,1266,14186,301,15753
Ethiopia,1998,1547,16091,226,17864
Ethiopia,1999,1490,19766,299,21555
Ethiopia,2000,1952,28039,519,30510
Ethiopia,2001,2020,30543,465,33028
Ethiopia,2002,2865,33168,508,36541
Ethiopia,2003,2497,36581,620,39698
Ethiopia,2004,2527,38323,580,41430
Ethiopia,2005,2435,35460,630,38525
Ethiopia,2006,2156,33838,680,36674
Ethiopia,2007,2284,34984,772,38040
Ethiopia,2008,2145,37642,1007,40794
Ethiopia,2009,3014,40210,1172,44396
Ethiopia,2010,3190,42287,1157,46634
Ethiopia,2011,3830,44790,1074,49694
Ethiopia,2012,15534,NULL,NULL,NULL
Ethiopia,2013,21317,NULL,NULL,NULL
France,1995,66,2522,861,3449
France,1996,58,2082,851,2991
France,1997,41,1763,617,2421
France,1998,NULL,NULL,NULL,NULL
France,1999,38,1672,602,2312
France,2000,28,1380,399,1807
France,2001,27,1406,394,1827
France,2002,37,1376,341,1754
France,2003,34,1316,369,1719
France,2004,24,1270,387,1681
France,2005,28,1305,385,1718
France,2006,228,3425,1136,4789
France,2007,352,4524,1450,6326
France,2008,153,2374,754,3281
France,2009,142,2019,686,2847
France,2010,147,1956,627,2730
France,2011,149,1935,568,2652
France,2012,159,1909,532,2600
France,2013,255,3431,994,4680
Georgia,1995,4,200,17,221
Georgia,1996,5,443,27,475
Georgia,1997,0,567,28,595
Georgia,1998,8,513,26,547
Georgia,1999,8,707,31,746
Georgia,2000,5,554,33,592
Georgia,2001,6,940,68,1014
Georgia,2002,6,918,60,984
Georgia,2003,2,915,70,987
Georgia,2004,6,1210,95,1311
Georgia,2005,4,1384,107,1495
Georgia,2006,347,3634,337,4318
Georgia,2007,306,3443,279,4028
Georgia,2008,267,3512,369,4148
Georgia,2009,281,3817,359,4457
Georgia,2010,249,3854,280,4383
Georgia,2011,202,3695,326,4223
Georgia,2012,215,3264,299,3778
Georgia,2013,183,2948,303,3434
Germany,1995,31,2799,1022,3852
Germany,1996,39,2645,996,3680
Germany,1997,27,2467,852,3346
Germany,1998,20,2268,836,3124
Germany,1999,28,2146,744,2918
Germany,2000,NULL,NULL,NULL,NULL
Germany,2001,4,639,198,841
Germany,2002,4,553,165,722
Germany,2003,12,926,257,1195
Germany,2004,11,1002,314,1327
Germany,2005,10,910,270,1190
Germany,2006,189,3290,1383,4862
Germany,2007,170,3919,1566,5655
Germany,2008,112,2418,1008,3538
Germany,2009,136,2417,1018,3571
Germany,2010,152,2308,992,3452
Germany,2011,159,2318,980,3457
Germany,2012,169,2357,852,3378
Germany,2013,168,2878,1129,4175
Ghana,1995,82,2396,160,2638
Ghana,1996,62,2160,200,2422
Ghana,1997,167,5014,415,5596
Ghana,1998,168,6107,730,7005
Ghana,1999,144,6112,569,6825
Ghana,2000,147,6567,602,7316
Ghana,2001,212,6813,687,7712
Ghana,2002,178,6887,667,7732
Ghana,2003,162,6908,644,7714
Ghana,2004,123,6532,604,7259
Ghana,2005,117,6753,635,7505
Ghana,2006,103,7011,672,7786
Ghana,2007,141,6575,713,7429
Ghana,2008,NULL,NULL,NULL,NULL
Ghana,2009,124,7307,824,8255
Ghana,2010,670,10787,1267,12724
Ghana,2011,869,12400,1693,14962
Ghana,2012,820,11840,1717,14377
Ghana,2013,783,12506,1754,15043
Guatemala,1995,102,2033,233,2368
Guatemala,1996,123,1944,241,2308
Guatemala,1997,78,1873,267,2218
Guatemala,1998,105,1895,255,2255
Guatemala,1999,58,1959,247,2264
Guatemala,2000,77,1724,251,2052
Guatemala,2001,60,1422,187,1669
Guatemala,2002,69,1576,220,1865
Guatemala,2003,53,1539,203,1795
Guatemala,2004,74,2058,207,2339
Guatemala,2005,77,2133,210,2420
Guatemala,2006,NULL,NULL,NULL,NULL
Guatemala,2007,342,2329,335,3006
Guatemala,2008,111,2302,329,2742
Guatemala,2009,266,2436,308,3010
Guatemala,2010,89,1764,268,2121
Guatemala,2011,43,1660,258,1961
Guatemala,2012,NULL,NULL,NULL,NULL
Guatemala,2013,41,1893,262,2196
Guinea,1995,46,2137,80,2263
Guinea,1996,59,2650,135,2844
Guinea,1997,63,2786,132,2981
Guinea,1998,59,3161,142,3362
Guinea,1999,74,3343,145,3562
Guinea,2000,105,3667,148,3920
Guinea,2001,83,3809,200,4092
Guinea,2002,66,3763,199,4028
Guinea,2003,87,4234,174,4495
Guinea,2004,100,4717,198,5015
Guinea,2005,116,5178,185,5479
Guinea,2006,116,5572,215,5903
Guinea,2007,122,5819,283,6224
Guinea,2008,120,6155,286,6561
Guinea,2009,133,5028,216,5377
Guinea,2010,112,6568,361,7041
Guinea,2011,250,9972,442,10664
Guinea,2012,77,4761,177,5015
Guinea,2013,185,10467,661,11313
Haiti,1995,NULL,NULL,NULL,NULL
Haiti,1996,372,2782,197,3351
Haiti,1997,305,4885,259,5449
Haiti,1998,396,5785,261,6442
Haiti,1999,571,6002,255,6828
Haiti,2000,163,5535,189,5887
Haiti,2001,185,5217,205,5607
Haiti,2002,197,5744,247,6188
Haiti,2003,211,6549,255,7015
Haiti,2004,231,6512,301,7044
Haiti,2005,185,6867,288,7340
Haiti,2006,2036,11046,611,13693
Haiti,2007,2137,11068,619,13824
Haiti,2008,1834,11814,641,14289
Haiti,2009,NULL,NULL,NULL,NULL
Haiti,2010,1563,11743,578,13884
Haiti,2011,1777,12522,572,14871
Haiti,2012,1985,13294,619,15898
Haiti,2013,1905,14411,724,17040
Honduras,1995,96,2236,106,2438
Honduras,1996,94,1812,38,1944
Honduras,1997,64,1461,54,1579
Honduras,1998,250,1973,88,2311
Honduras,1999,250,2064,92,2406
Honduras,2000,55,2209,81,2345
Honduras,2001,25,2753,61,2839
Honduras,2002,141,2756,59,2956
Honduras,2003,94,1822,40,1956
Honduras,2004,94,1877,41,2012
Honduras,2005,40,1773,256,2069
Honduras,2006,219,2398,407,3024
Honduras,2007,162,2205,405,2772
Honduras,2008,133,2155,390,2678
Honduras,2009,144,2184,404,2732
Honduras,2010,149,2150,407,2706
Honduras,2011,191,2426,461,3078
Honduras,2012,164,2257,395,2816
Honduras,2013,162,2421,398,2981
India,1995,48,1858,79,1985
India,1996,126,5873,255,6254
India,1997,175,7234,299,7708
India,1998,274,11626,521,12421
India,1999,1112,49370,2418,52900
India,2000,3838,178080,11231,193149
India,2001,3188,172784,9305,185277
India,2002,6751,325968,18774,351493
India,2003,7156,375725,22003,404884
India,2004,8878,443383,27404,479665
India,2005,9477,468946,30134,508557
India,2006,10529,508135,35133,553797
India,2007,11880,1147092,39317,1198289
India,2008,12967,558089,44436,615492
India,2009,13577,564677,46363,624617
India,2010,13415,568572,48177,630164
India,2011,12985,576152,53174,642311
India,2012,12957,564808,51824,629589
India,2013,NULL,NULL,NULL,NULL
Indonesia,1995,22,2304,142,2468
Indonesia,1996,82,10542,757,11381
Indonesia,1997,111,16143,1110,17364
Indonesia,1998,186,29960,2134,32280
Indonesia,1999,246,46484,2442,49172
Indonesia,2000,NULL,NULL,NULL,NULL
Indonesia,2001,652,50554,2759,53965
Indonesia,2002,1219,70828,4183,76230
Indonesia,2003,1140,86162,5264,92566
Indonesia,2004,1500,120072,7409,128981
Indonesia,2005,1792,147675,9173,158640
Indonesia,2006,1884,162885,10551,175320
Indonesia,2007,21759,232352,17167,271278
Indonesia,2008,33449,241320,18130,292899
Indonesia,2009,30662,240610,17772,289044
Indonesia,2010,28312,249061,18899,296272
Indonesia,2011,27959,264449,21193,313601
Indonesia,2012,27343,272960,22579,322882
Indonesia,2013,26054,276940,22588,325582
"Iran (Islamic Republic of)",1995,352,7263,1709,9324
"Iran (Islamic Republic of)",1996,176,4127,1111,5414
"Iran (Islamic Republic of)",1997,146,3935,1190,5271
"Iran (Islamic Republic of)",1998,122,3918,1101,5141
"Iran (Islamic Republic of)",1999,78,3671,1228,4977
"Iran (Islamic Republic of)",2000,106,3983,1289,5378
"Iran (Islamic Republic of)",2001,141,4046,1342,5529
"Iran (Islamic Republic of)",2002,106,3860,1400,5366
"Iran (Islamic Republic of)",2003,108,3631,1449,5188
"Iran (Islamic Republic of)",2004,81,3466,1350,4897
"Iran (Islamic Republic of)",2005,61,3189,1331,4581
"Iran (Islamic Republic of)",2006,288,6336,2430,9054
"Iran (Islamic Republic of)",2007,301,6227,2518,9046
"Iran (Islamic Republic of)",2008,296,6251,2609,9156
"Iran (Islamic Republic of)",2009,340,6634,2789,9763
"Iran (Islamic Republic of)",2010,352,6773,2917,10042
"Iran (Islamic Republic of)",2011,345,7237,3013,10595
"Iran (Islamic Republic of)",2012,401,7341,2963,10705
"Iran (Islamic Republic of)",2013,420,7491,3141,11052
Iraq,1995,1850,9232,471,11553
Iraq,1996,NULL,NULL,NULL,NULL
Iraq,1997,800,6801,400,8001
Iraq,1998,879,7497,474,8850
Iraq,1999,1028,9205,578,10811
Iraq,2000,58,2533,188,2779
Iraq,2001,36,3295,228,3559
Iraq,2002,92,3529,274,3895
Iraq,2003,73,3307,177,3557
Iraq,2004,85,3091,205,3381
Iraq,2005,57,2811,228,3096
Iraq,2006,492,6272,676,7440
Iraq,2007,437,6126,746,7309
Iraq,2008,596,6980,1019,8595
Iraq,2009,669,7184,1064,8917
Iraq,2010,691,7440,1189,9320
Iraq,2011,727,6648,1104,8479
Iraq,2012,647,6490,1199,8336
Iraq,2013,671,6666,1217,8554
Italy,1995,16,929,457,1402
Italy,1996,14,1034,491,1539
Italy,1997,19,1329,582,1930
Italy,1998,25,1616,712,2353
Italy,1999,15,830,388,1233
Italy,2000,18,507,151,676
Italy,2001,8,582,153,743
Italy,2002,12,705,219,936
Italy,2003,25,905,237,1167
Italy,2004,50,604,179,833
Italy,2005,11,908,185,1104
Italy,2006,157,2910,991,4058
Italy,2007,89,2138,738,2965
Italy,2008,211,2453,731,3395
Italy,2009,129,1839,552,2520
Italy,2010,185,2051,486,2722
Italy,2011,121,1476,410,2007
Italy,2012,89,1194,328,1611
Italy,2013,124,1817,493,2434
Japan,1995,29,8015,6323,14367
Japan,1996,23,7231,5613,12867
Japan,1997,19,7320,6232,13571
Japan,1998,8,6498,5429,11935
Japan,1999,13,6651,6245,12909
Japan,2000,7,6072,5774,11853
Japan,2001,8,5680,5720,11408
Japan,2002,5,5247,5555,10807
Japan,2003,3,5143,5697,10843
Japan,2004,8,4843,5620,10471
Japan,2005,14,4973,5944,10931
Japan,2006,82,11341,13037,24460
Japan,2007,92,10499,13035,23626
Japan,2008,92,9987,12845,22924
Japan,2009,67,9468,12884,22419
Japan,2010,85,8797,12617,21499
Japan,2011,80,8312,12602,20994
Japan,2012,60,7440,12447,19947
Japan,2013,66,7202,13227,20495
Kazakhstan,1995,NULL,NULL,NULL,NULL
Kazakhstan,1996,NULL,NULL,NULL,NULL
Kazakhstan,1997,69,4037,326,4432
Kazakhstan,1998,96,5937,147,6180
Kazakhstan,1999,94,6492,301,6887
Kazakhstan,2000,120,8361,422,8903
Kazakhstan,2001,126,8569,384,9079
Kazakhstan,2002,101,8931,420,9452
Kazakhstan,2003,NULL,NULL,NULL,NULL
Kazakhstan,2004,86,7456,385,7927
Kazakhstan,2005,77,6472,362,6911
Kazakhstan,2006,5156,19977,855,25988
Kazakhstan,2007,1884,18452,737,21073
Kazakhstan,2008,981,17938,765,19684
Kazakhstan,2009,818,15426,566,16810
Kazakhstan,2010,733,14201,553,15487
Kazakhstan,2011,622,13267,507,14396
Kazakhstan,2012,576,12320,508,13404
Kazakhstan,2013,511,17242,1205,18958
Kenya,1995,341,13180,413,13934
Kenya,1996,403,16150,425,16978
Kenya,1997,295,18174,387,18856
Kenya,1998,528,22978,523,24029
Kenya,1999,610,26003,584,27197
Kenya,2000,680,27531,562,28773
Kenya,2001,763,29880,664,31307
Kenya,2002,691,33004,623,34318
Kenya,2003,828,36454,876,38158
Kenya,2004,910,39351,888,41149
Kenya,2005,936,38548,905,40389
Kenya,2006,970,37160,1024,39154
Kenya,2007,1073,36357,930,38360
Kenya,2008,5972,69837,2888,78697
Kenya,2009,6643,77226,3558,87427
Kenya,2010,5721,75757,4006,85484
Kenya,2011,5788,74910,3850,84548
Kenya,2012,5368,72087,3994,81449
Kenya,2013,4383,66163,3789,74335
Kyrgyzstan,1995,4,779,49,832
Kyrgyzstan,1996,12,920,71,1003
Kyrgyzstan,1997,5,1538,75,1618
Kyrgyzstan,1998,7,793,30,830
Kyrgyzstan,1999,13,1545,84,1642
Kyrgyzstan,2000,10,1172,75,1257
Kyrgyzstan,2001,0,1389,92,1481
Kyrgyzstan,2002,0,1432,112,1544
Kyrgyzstan,2003,0,1540,112,1652
Kyrgyzstan,2004,14,1606,141,1761
Kyrgyzstan,2005,16,1774,182,1972
Kyrgyzstan,2006,16,1687,140,1843
Kyrgyzstan,2007,14,1608,124,1746
Kyrgyzstan,2008,630,4382,321,5333
Kyrgyzstan,2009,541,4586,307,5434
Kyrgyzstan,2010,531,4486,291,5308
Kyrgyzstan,2011,19,1438,80,1537
Kyrgyzstan,2012,640,4932,279,5851
Kyrgyzstan,2013,594,4920,345,5859
"Lao People's Democratic Republic",1995,9,636,81,726
"Lao People's Democratic Republic",1996,5,773,108,886
"Lao People's Democratic Republic",1997,4,1052,178,1234
"Lao People's Democratic Republic",1998,10,1267,217,1494
"Lao People's Democratic Republic",1999,14,1411,281,1706
"Lao People's Democratic Republic",2000,17,1262,247,1526
"Lao People's Democratic Republic",2001,16,1312,235,1563
"Lao People's Democratic Republic",2002,6,1548,275,1829
"Lao People's Democratic Republic",2003,13,1559,294,1866
"Lao People's Democratic Republic",2004,26,1811,389,2226
"Lao People's Democratic Republic",2005,20,2256,530,2806
"Lao People's Democratic Republic",2006,25,2457,559,3041
"Lao People's Democratic Republic",2007,18,2509,557,3084
"Lao People's Democratic Republic",2008,16,2498,565,3079
"Lao People's Democratic Republic",2009,17,2459,558,3034
"Lao People's Democratic Republic",2010,60,3038,721,3819
"Lao People's Democratic Republic",2011,52,3347,737,4136
"Lao People's Democratic Republic",2012,67,3110,708,3885
"Lao People's Democratic Republic",2013,72,3170,695,3937
Lesotho,1995,23,1231,107,1361
Lesotho,1996,19,1654,115,1788
Lesotho,1997,40,2266,92,2398
Lesotho,1998,16,2350,110,2476
Lesotho,1999,NULL,NULL,NULL,NULL
Lesotho,2000,19,2605,105,2729
Lesotho,2001,NULL,NULL,NULL,NULL
Lesotho,2002,24,2982,97,3103
Lesotho,2003,42,3596,116,3754
Lesotho,2004,51,4107,114,4272
Lesotho,2005,51,4071,158,4280
Lesotho,2006,83,3767,174,4024
Lesotho,2007,10,737,41,788
Lesotho,2008,45,3625,192,3862
Lesotho,2009,661,10231,653,11545
Lesotho,2010,707,9697,749,11153
Lesotho,2011,640,9641,664,10945
Lesotho,2012,583,9151,583,10317
Lesotho,2013,473,7782,661,8916
Liberia,1995,NULL,NULL,NULL,NULL
Liberia,1996,82,570,16,668
Liberia,1997,NULL,NULL,NULL,NULL
Liberia,1998,36,1127,27,1190
Liberia,1999,NULL,NULL,NULL,NULL
Liberia,2000,33,946,42,1021
Liberia,2001,34,877,23,934
Liberia,2002,46,1848,70,1964
Liberia,2003,17,1257,45,1319
Liberia,2004,71,2326,93,2490
Liberia,2005,63,2014,90,2167
Liberia,2006,330,3769,199,4298
Liberia,2007,NULL,NULL,NULL,NULL
Liberia,2008,163,2737,142,3042
Liberia,2009,290,3926,96,4312
Liberia,2010,1165,5045,288,6498
Liberia,2011,496,6695,514,7705
Liberia,2012,682,6868,487,8037
Liberia,2013,121,3552,162,3835
Madagascar,1995,179,7527,320,8026
Madagascar,1996,174,7814,364,8352
Madagascar,1997,NULL,NULL,NULL,NULL
Madagascar,1998,178,8658,399,9235
Madagascar,1999,NULL,NULL,NULL,NULL
Madagascar,2000,NULL,NULL,NULL,NULL
Madagascar,2001,293,10241,558,11092
Madagascar,2002,257,10150,533,10940
Madagascar,2003,339,12105,629,13073
Madagascar,2004,248,9275,395,9918
Madagascar,2005,248,11061,462,11771
Madagascar,2006,325,14664,624,15613
Madagascar,2007,1635,18130,873,20638
Madagascar,2008,1823,14336,636,16795
Madagascar,2009,1908,18807,620,21335
Madagascar,2010,2126,19501,677,22304
Madagascar,2011,398,16748,710,17856
Madagascar,2012,419,16021,689,17129
Madagascar,2013,NULL,NULL,NULL,NULL
Malawi,1995,90,6060,134,6284
Malawi,1996,119,6909,147,7175
Malawi,1997,131,7319,137,7587
Malawi,1998,131,8508,214,8853
Malawi,1999,123,7819,188,8130
Malawi,2000,116,7971,178,8265
Malawi,2001,111,8011,187,8309
Malawi,2002,NULL,NULL,NULL,NULL
Malawi,2003,119,7417,180,7716
Malawi,2004,125,8221,220,8566
Malawi,2005,142,8070,231,8443
Malawi,2006,122,7769,275,8166
Malawi,2007,170,7196,242,7608
Malawi,2008,222,7194,265,7681
Malawi,2009,128,7192,303,7623
Malawi,2010,153,6798,289,7240
Malawi,2011,149,6557,297,7003
Malawi,2012,123,6504,324,6951
Malawi,2013,1827,13888,1080,16795
Malaysia,1995,117,5160,1411,6688
Malaysia,1996,122,6009,1138,7269
Malaysia,1997,95,5776,1466,7337
Malaysia,1998,76,6038,1688,7802
Malaysia,1999,59,7000,1148,8207
Malaysia,2000,73,6906,1177,8156
Malaysia,2001,84,7265,960,8309
Malaysia,2002,52,6769,1137,7958
Malaysia,2003,412,12653,2227,15292
Malaysia,2004,418,12909,2067,15394
Malaysia,2005,452,13535,2079,16066
Malaysia,2006,171,6423,930,7524
Malaysia,2007,442,13245,1909,15596
Malaysia,2008,461,14843,2200,17504
Malaysia,2009,NULL,NULL,NULL,NULL
Malaysia,2010,443,15346,2229,18018
Malaysia,2011,540,16350,2361,19251
Malaysia,2012,687,17775,2787,21249
Malaysia,2013,644,19544,3147,23335
Mali,1995,58,1654,154,1866
Mali,1996,40,1961,172,2173
Mali,1997,31,2670,198,2899
Mali,1998,24,2376,160,2560
Mali,1999,40,2463,187,2690
Mali,2000,37,2303,187,2527
Mali,2001,NULL,NULL,NULL,NULL
Mali,2002,59,2602,96,2757
Mali,2003,61,2794,160,3015
Mali,2004,57,2808,204,3069
Mali,2005,59,3199,265,3523
Mali,2006,654,3822,292,4768
Mali,2007,74,4571,308,4953
Mali,2008,158,4304,371,4833
Mali,2009,81,4703,379,5163
Mali,2010,125,3284,277,3686
Mali,2011,67,3412,298,3777
Mali,2012,59,3379,288,3726
Mali,2013,53,3461,304,3818
Mexico,1995,NULL,NULL,NULL,NULL
Mexico,1996,441,7273,781,8495
Mexico,1997,NULL,NULL,NULL,NULL
Mexico,1998,497,9499,1477,11473
Mexico,1999,294,8615,1838,10747
Mexico,2000,390,9451,1835,11676
Mexico,2001,276,12313,2514,15103
Mexico,2002,303,9375,1877,11555
Mexico,2003,371,10369,2193,12933
Mexico,2004,188,9092,1934,11214
Mexico,2005,225,9700,2072,11997
Mexico,2006,905,13456,2732,17093
Mexico,2007,933,13860,2820,17613
Mexico,2008,782,12788,2570,16140
Mexico,2009,665,12814,2534,16013
Mexico,2010,921,14944,2983,18848
Mexico,2011,886,15227,2873,18986
Mexico,2012,951,15642,2965,19558
Mexico,2013,805,16731,3172,20708
Mongolia,1995,67,515,40,622
Mongolia,1996,25,713,31,769
Mongolia,1997,18,1127,26,1171
Mongolia,1998,49,1270,37,1356
Mongolia,1999,37,1433,43,1513
Mongolia,2000,38,1311,40,1389
Mongolia,2001,38,1529,65,1632
Mongolia,2002,25,1575,70,1670
Mongolia,2003,29,1454,58,1541
Mongolia,2004,24,1718,66,1808
Mongolia,2005,22,1785,61,1868
Mongolia,2006,23,2036,70,2129
Mongolia,2007,27,1766,63,1856
Mongolia,2008,25,1751,62,1838
Mongolia,2009,22,1733,54,1809
Mongolia,2010,384,3663,166,4213
Mongolia,2011,370,3464,151,3985
Mongolia,2012,311,3465,168,3944
Mongolia,2013,359,3788,184,4331
Morocco,1995,333,12986,852,14171
Morocco,1996,335,13068,875,14278
Morocco,1997,357,12945,832,14134
Morocco,1998,298,12271,857,13426
Morocco,1999,234,12292,894,13420
Morocco,2000,269,11656,947,12872
Morocco,2001,241,11597,966,12804
Morocco,2002,223,11728,963,12914
Morocco,2003,259,11682,901,12842
Morocco,2004,217,11199,864,12280
Morocco,2005,246,11522,989,12757
Morocco,2006,2494,21786,1819,26099
Morocco,2007,2153,21371,2038,25562
Morocco,2008,2189,21232,2052,25473
Morocco,2009,2264,21830,1965,26059
Morocco,2010,2159,22962,2022,27143
Morocco,2011,2242,23069,2114,27425
Morocco,2012,2000,23271,2166,27437
Morocco,2013,2051,23409,2106,27566
Mozambique,1995,413,9744,409,10566
Mozambique,1996,346,9783,349,10478
Mozambique,1997,350,10384,391,11125
Mozambique,1998,NULL,NULL,NULL,NULL
Mozambique,1999,NULL,NULL,NULL,NULL
Mozambique,2000,NULL,NULL,NULL,NULL
Mozambique,2001,NULL,NULL,NULL,NULL
Mozambique,2002,NULL,NULL,NULL,NULL
Mozambique,2003,NULL,NULL,NULL,NULL
Mozambique,2004,NULL,NULL,NULL,NULL
Mozambique,2005,NULL,NULL,NULL,NULL
Mozambique,2006,NULL,NULL,NULL,NULL
Mozambique,2007,NULL,NULL,NULL,NULL
Mozambique,2008,NULL,NULL,NULL,NULL
Mozambique,2009,NULL,NULL,NULL,NULL
Mozambique,2010,NULL,NULL,NULL,NULL
Mozambique,2011,NULL,NULL,NULL,NULL
Mozambique,2012,NULL,NULL,NULL,NULL
Mozambique,2013,NULL,NULL,NULL,NULL
Myanmar,1995,100,7977,452,8529
Myanmar,1996,113,9019,584,9716
Myanmar,1997,110,8280,624,9014
Myanmar,1998,137,9285,667,10089
Myanmar,1999,95,10539,824,11458
Myanmar,2000,160,15880,1214,17254
Myanmar,2001,167,19101,1418,20686
Myanmar,2002,173,22378,1611,24162
Myanmar,2003,261,25274,1913,27448
Myanmar,2004,216,28912,2280,31408
Myanmar,2005,279,33613,2649,36541
Myanmar,2006,284,36908,3049,40241
Myanmar,2007,286,38949,3353,42588
Myanmar,2008,298,37613,3337,41248
Myanmar,2009,292,37761,3348,41401
Myanmar,2010,302,38569,3447,42318
Myanmar,2011,307,38100,3907,42314
Myanmar,2012,338,38481,4090,42909
Myanmar,2013,NULL,NULL,NULL,NULL
Namibia,1995,5,686,6,697
Namibia,1996,33,2640,152,2825
Namibia,1997,41,3044,140,3225
Namibia,1998,55,3367,176,3598
Namibia,1999,45,3569,146,3760
Namibia,2000,34,3846,133,4013
Namibia,2001,52,4301,182,4535
Namibia,2002,61,4465,163,4689
Namibia,2003,78,5199,210,5487
Namibia,2004,61,4889,205,5155
Namibia,2005,203,4808,211,5222
Namibia,2006,160,4970,226,5356
Namibia,2007,126,4769,196,5091
Namibia,2008,103,4613,212,4928
Namibia,2009,125,4276,207,4608
Namibia,2010,103,4148,213,4464
Namibia,2011,126,4129,248,4503
Namibia,2012,1210,8119,561,9890
Namibia,2013,1094,7827,511,9432
Nepal,1995,NULL,NULL,NULL,NULL
Nepal,1996,246,8329,517,9092
Nepal,1997,NULL,NULL,NULL,NULL
Nepal,1998,306,10016,650,10972
Nepal,1999,335,12076,999,13410
Nepal,2000,346,12337,1000,13683
Nepal,2001,326,12341,997,13664
Nepal,2002,331,12427,956,13714
Nepal,2003,311,13082,955,14348
Nepal,2004,309,13327,978,14614
Nepal,2005,343,13224,1050,14617
Nepal,2006,304,12673,1051,14028
Nepal,2007,325,12853,1177,14355
Nepal,2008,188,9847,1018,11053
Nepal,2009,330,13728,1384,15442
Nepal,2010,357,13734,1478,15569
Nepal,2011,492,12974,1534,15000
Nepal,2012,460,12997,1600,15057
Nepal,2013,409,12845,1845,15099
Nicaragua,1995,47,1383,138,1568
Nicaragua,1996,60,1512,150,1722
Nicaragua,1997,55,1479,136,1670
Nicaragua,1998,58,1425,165,1648
Nicaragua,1999,53,1381,130,1564
Nicaragua,2000,52,1268,151,1471
Nicaragua,2001,56,1295,159,1510
Nicaragua,2002,48,1154,118,1320
Nicaragua,2003,56,1235,113,1404
Nicaragua,2004,47,1158,122,1327
Nicaragua,2005,40,1080,126,1246
Nicaragua,2006,40,1135,110,1285
Nicaragua,2007,43,1491,156,1690
Nicaragua,2008,58,1362,157,1577
Nicaragua,2009,136,2170,248,2554
Nicaragua,2010,49,1204,187,1440
Nicaragua,2011,14,1372,166,1552
Nicaragua,2012,0,0,0,0
Nicaragua,2013,59,1404,77,1540
Niger,1995,NULL,NULL,NULL,NULL
Niger,1996,NULL,NULL,NULL,NULL
Niger,1997,11,1229,33,1273
Niger,1998,18,2031,76,2125
Niger,1999,NULL,NULL,NULL,NULL
Niger,2000,60,1999,87,2146
Niger,2001,NULL,NULL,NULL,NULL
Niger,2002,NULL,NULL,NULL,NULL
Niger,2003,71,4222,211,4504
Niger,2004,NULL,NULL,NULL,NULL
Niger,2005,69,4713,268,5050
Niger,2006,62,4916,301,5279
Niger,2007,97,5318,358,5773
Niger,2008,92,5318,443,5853
Niger,2009,88,5804,455,6347
Niger,2010,83,5723,477,6283
Niger,2011,100,6013,494,6607
Niger,2012,88,6276,484,6848
Niger,2013,104,6522,556,7182
Nigeria,1995,854,7656,966,9476
Nigeria,1996,645,14495,524,15664
Nigeria,1997,272,10505,458,11235
Nigeria,1998,294,12366,501,13161
Nigeria,1999,NULL,NULL,NULL,NULL
Nigeria,2000,396,16328,694,17418
Nigeria,2001,436,16922,739,18097
Nigeria,2002,405,18416,775,19596
Nigeria,2003,623,26504,1046,28173
Nigeria,2004,877,31044,1834,33755
Nigeria,2005,807,32876,1365,35048
Nigeria,2006,632,37829,1442,39903
Nigeria,2007,1188,40862,1966,44016
Nigeria,2008,1324,42775,1927,46026
Nigeria,2009,1515,41456,1892,44863
Nigeria,2010,1116,42255,2045,45416
Nigeria,2011,1107,44163,2167,47437
Nigeria,2012,1187,49161,2553,52901
Nigeria,2013,5776,87935,6690,100401
Pakistan,1995,114,2290,174,2578
Pakistan,1996,NULL,NULL,NULL,NULL
Pakistan,1997,NULL,NULL,NULL,NULL
Pakistan,1998,218,3740,187,4145
Pakistan,1999,82,1963,227,2272
Pakistan,2000,185,3073,186,3444
Pakistan,2001,380,7160,448,7988
Pakistan,2002,737,13894,857,15488
Pakistan,2003,906,19014,1373,21293
Pakistan,2004,1313,27716,2418,31447
Pakistan,2005,2068,42453,3791,48312
Pakistan,2006,2761,57158,5389,65308
Pakistan,2007,3460,77197,8090,88747
Pakistan,2008,3909,86622,9506,100037
Pakistan,2009,3647,88554,9473,101674
Pakistan,2010,24474,89577,10404,124455
Pakistan,2011,25733,91804,10034,127571
Pakistan,2012,26159,96050,10548,132757
Pakistan,2013,28113,NULL,NULL,NULL
Paraguay,1995,31,591,114,736
Paraguay,1996,33,736,108,877
Paraguay,1997,52,710,116,878
Paraguay,1998,31,694,123,848
Paraguay,1999,41,867,127,1035
Paraguay,2000,28,753,117,898
Paraguay,2001,40,758,114,912
Paraguay,2002,32,853,117,1002
Paraguay,2003,39,975,152,1166
Paraguay,2004,39,997,164,1200
Paraguay,2005,54,1030,170,1254
Paraguay,2006,351,1702,306,2359
Paraguay,2007,340,1575,255,2170
Paraguay,2008,196,1658,279,2133
Paraguay,2009,223,1718,248,2189
Paraguay,2010,219,1566,271,2056
Paraguay,2011,234,1646,236,2116
Paraguay,2012,236,1588,270,2094
Paraguay,2013,183,1798,262,2243
Peru,1995,296,5595,368,6259
Peru,1996,320,5061,311,5692
Peru,1997,1609,24645,1244,27498
Peru,1998,1566,24629,1512,27707
Peru,1999,1412,21682,1417,24511
Peru,2000,1185,19975,1420,22580
Peru,2001,22,20470,1193,21685
Peru,2002,127,3921,238,4286
Peru,2003,208,3475,263,3946
Peru,2004,795,16348,1146,18289
Peru,2005,746,16564,1180,18490
Peru,2006,835,16991,1425,19251
Peru,2007,730,15695,1371,17796
Peru,2008,136,15451,1820,17407
Peru,2009,NULL,NULL,NULL,NULL
Peru,2010,NULL,NULL,NULL,NULL
Peru,2011,NULL,NULL,NULL,NULL
Peru,2012,NULL,NULL,NULL,NULL
Peru,2013,1814,22850,2840,27504
Philippines,1995,3,370,37,410
Philippines,1996,2,279,37,318
Philippines,1997,11,1742,199,1952
Philippines,1998,6,1746,137,1889
Philippines,1999,NULL,NULL,NULL,NULL
Philippines,2000,NULL,NULL,NULL,NULL
Philippines,2001,NULL,NULL,NULL,NULL
Philippines,2002,NULL,NULL,NULL,NULL
Philippines,2003,656,63666,5666,69988
Philippines,2004,603,69430,6472,76505
Philippines,2005,856,74483,6308,81647
Philippines,2006,798,78065,6877,85740
Philippines,2007,846,78641,7079,86566
Philippines,2008,710,77779,6536,85025
Philippines,2009,899,81152,6755,88806
Philippines,2010,965,81421,6812,89198
Philippines,2011,1021,85478,7081,93580
Philippines,2012,1049,85457,7477,93983
Philippines,2013,2065,87033,8123,97221
Poland,1995,7,2881,791,3679
Poland,1996,19,5253,1547,6819
Poland,1997,10,2772,704,3486
Poland,1998,9,2765,728,3502
Poland,1999,10,2539,628,3177
Poland,2000,2,3077,855,3934
Poland,2001,9,2464,682,3155
Poland,2002,11,2372,677,3060
Poland,2003,5,2269,707,2981
Poland,2004,3,2193,577,2773
Poland,2005,6,2191,626,2823
Poland,2006,69,5583,1975,7627
Poland,2007,71,5651,1847,7569
Poland,2008,76,5244,1741,7061
Poland,2009,99,5341,1828,7268
Poland,2010,61,4932,1617,6610
Poland,2011,111,5445,1959,7515
Poland,2012,94,4854,1717,6665
Poland,2013,116,5088,1839,7043
Portugal,1995,18,1752,249,2019
Portugal,1996,18,1651,269,1938
Portugal,1997,12,1471,145,1628
Portugal,1998,13,1748,255,2016
Portugal,1999,22,1533,246,1801
Portugal,2000,13,1640,204,1857
Portugal,2001,22,1587,203,1812
Portugal,2002,17,1699,244,1960
Portugal,2003,18,1500,195,1713
Portugal,2004,7,1319,165,1491
Portugal,2005,12,1149,135,1296
Portugal,2006,94,2420,549,3063
Portugal,2007,69,2268,479,2816
Portugal,2008,58,2077,502,2637
Portugal,2009,73,2041,487,2601
Portugal,2010,58,1950,483,2491
Portugal,2011,49,1896,446,2391
Portugal,2012,70,1849,473,2392
Portugal,2013,48,1794,493,2335
"Republic of Korea",1995,73,9589,2092,11754
"Republic of Korea",1996,63,9402,1955,11420
"Republic of Korea",1997,55,7996,1906,9957
"Republic of Korea",1998,56,8272,2031,10359
"Republic of Korea",1999,67,7423,2069,9559
"Republic of Korea",2000,44,6476,1696,8216
"Republic of Korea",2001,68,9106,2631,11805
"Republic of Korea",2002,39,8587,2719,11345
"Republic of Korea",2003,54,8125,2797,10976
"Republic of Korea",2004,44,8316,3111,11471
"Republic of Korea",2005,49,8191,3398,11638
"Republic of Korea",2006,384,26146,8831,35361
"Republic of Korea",2007,374,25453,8883,34710
"Republic of Korea",2008,321,24425,9407,34153
"Republic of Korea",2009,348,25377,10117,35842
"Republic of Korea",2010,371,27156,11524,39051
"Republic of Korea",2011,402,27296,11859,39557
"Republic of Korea",2012,300,26415,12798,39513
"Republic of Korea",2013,226,27228,14119,41573
"Republic of Moldova",1995,2,636,27,665
"Republic of Moldova",1996,2,206,11,219
"Republic of Moldova",1997,0,376,21,397
"Republic of Moldova",1998,4,450,23,477
"Republic of Moldova",1999,4,585,20,609
"Republic of Moldova",2000,3,275,12,290
"Republic of Moldova",2001,7,1011,42,1060
"Republic of Moldova",2002,16,1089,41,1146
"Republic of Moldova",2003,2,1165,47,1214
"Republic of Moldova",2004,19,1453,64,1536
"Republic of Moldova",2005,5,1642,49,1696
"Republic of Moldova",2006,9,1607,63,1679
"Republic of Moldova",2007,176,3785,205,4166
"Republic of Moldova",2008,160,3607,184,3951
"Republic of Moldova",2009,161,3452,191,3804
"Republic of Moldova",2010,137,3437,171,3745
"Republic of Moldova",2011,159,3506,171,3836
"Republic of Moldova",2012,145,3459,200,3804
"Republic of Moldova",2013,134,4103,248,4485
Romania,1995,742,16268,1201,18211
Romania,1996,83,10699,749,11531
Romania,1997,84,10875,706,11665
Romania,1998,64,10003,754,10821
Romania,1999,82,9433,789,10304
Romania,2000,99,9238,854,10191
Romania,2001,130,10014,1032,11176
Romania,2002,176,9561,956,10693
Romania,2003,95,9314,998,10407
Romania,2004,90,9727,1061,10878
Romania,2005,91,9624,1080,10795
Romania,2006,1053,17245,2434,20732
Romania,2007,1005,15859,2389,19253
Romania,2008,916,15506,2352,18774
Romania,2009,953,14522,2298,17773
Romania,2010,811,13008,2121,15940
Romania,2011,759,11708,2071,14538
Romania,2012,713,11123,2052,13888
Romania,2013,695,12557,2271,15523
"Russian Federation",1995,NULL,NULL,NULL,NULL
"Russian Federation",1996,0,254,29,283
"Russian Federation",1997,0,592,68,660
"Russian Federation",1998,2,623,58,683
"Russian Federation",1999,50,20328,1366,21744
"Russian Federation",2000,2,2229,98,2329
"Russian Federation",2001,63,25004,1539,26606
"Russian Federation",2002,0,26125,1693,27818
"Russian Federation",2003,0,27046,1756,28802
"Russian Federation",2004,63,28907,1920,30890
"Russian Federation",2005,NULL,NULL,NULL,NULL
"Russian Federation",2006,58,30400,1877,32335
"Russian Federation",2007,3422,109977,7513,120912
"Russian Federation",2008,3203,110620,7012,120835
"Russian Federation",2009,3111,107704,6412,117227
"Russian Federation",2010,831,96366,5626,102823
"Russian Federation",2011,3545,95427,5348,104320
"Russian Federation",2012,3688,88600,5254,97542
"Russian Federation",2013,3298,82196,4933,90427
Rwanda,1995,NULL,NULL,NULL,NULL
Rwanda,1996,93,1892,29,2014
Rwanda,1997,156,2646,50,2852
Rwanda,1998,NULL,NULL,NULL,NULL
Rwanda,1999,152,2190,36,2378
Rwanda,2000,260,4125,70,4455
Rwanda,2001,NULL,NULL,NULL,NULL
Rwanda,2002,28,870,21,919
Rwanda,2003,68,2591,65,2724
Rwanda,2004,125,3827,89,4041
Rwanda,2005,118,3753,100,3971
Rwanda,2006,105,3978,137,4220
Rwanda,2007,132,3795,126,4053
Rwanda,2008,98,3910,165,4173
Rwanda,2009,71,3956,157,4184
Rwanda,2010,96,3525,164,3785
Rwanda,2011,92,3528,191,3811
Rwanda,2012,62,3327,182,3571
Rwanda,2013,406,4913,383,5702
"Saudi Arabia",1995,NULL,NULL,NULL,NULL
"Saudi Arabia",1996,NULL,NULL,NULL,NULL
"Saudi Arabia",1997,NULL,NULL,NULL,NULL
"Saudi Arabia",1998,18,677,102,797
"Saudi Arabia",1999,44,1593,223,1860
"Saudi Arabia",2000,28,1390,177,1595
"Saudi Arabia",2001,35,1217,150,1402
"Saudi Arabia",2002,39,1473,162,1674
"Saudi Arabia",2003,23,1457,166,1646
"Saudi Arabia",2004,28,1515,149,1692
"Saudi Arabia",2005,39,1515,168,1722
"Saudi Arabia",2006,241,3127,305,3673
"Saudi Arabia",2007,211,3300,352,3863
"Saudi Arabia",2008,202,3359,358,3919
"Saudi Arabia",2009,189,3446,314,3949
"Saudi Arabia",2010,181,3780,333,4294
"Saudi Arabia",2011,142,3418,308,3868
"Saudi Arabia",2012,128,3159,312,3599
"Saudi Arabia",2013,104,3056,275,3435
Senegal,1995,178,4958,285,5421
Senegal,1996,163,5448,338,5949
Senegal,1997,139,5014,277,5430
Senegal,1998,174,4990,290,5454
Senegal,1999,108,4660,243,5011
Senegal,2000,137,5436,250,5823
Senegal,2001,167,5606,321,6094
Senegal,2002,119,5379,298,5796
Senegal,2003,127,6124,336,6587
Senegal,2004,133,6013,291,6437
Senegal,2005,154,6251,317,6722
Senegal,2006,134,6430,318,6882
Senegal,2007,130,6632,346,7108
Senegal,2008,146,7113,325,7584
Senegal,2009,174,7345,364,7883
Senegal,2010,162,7198,326,7686
Senegal,2011,163,7182,288,7633
Senegal,2012,209,7925,314,8448
Senegal,2013,NULL,NULL,NULL,NULL
"Sierra Leone",1995,28,1393,33,1454
"Sierra Leone",1996,58,2103,73,2234
"Sierra Leone",1997,35,2199,62,2296
"Sierra Leone",1998,50,2153,59,2262
"Sierra Leone",1999,NULL,NULL,NULL,NULL
"Sierra Leone",2000,45,2350,77,2472
"Sierra Leone",2001,55,2559,78,2692
"Sierra Leone",2002,54,2800,84,2938
"Sierra Leone",2003,45,2959,109,3113
"Sierra Leone",2004,59,3496,180,3735
"Sierra Leone",2005,99,4100,171,4370
"Sierra Leone",2006,111,4293,225,4629
"Sierra Leone",2007,1537,7462,251,9250
"Sierra Leone",2008,NULL,5455,271,NULL
"Sierra Leone",2009,110,5697,285,6092
"Sierra Leone",2010,141,6372,385,6898
"Sierra Leone",2011,190,6842,403,7435
"Sierra Leone",2012,1810,7475,406,9691
"Sierra Leone",2013,103,6926,361,7390
Somalia,1995,84,2129,125,2338
Somalia,1996,94,2135,89,2318
Somalia,1997,135,2813,149,3097
Somalia,1998,176,2739,206,3121
Somalia,1999,267,3022,198,3487
Somalia,2000,198,3395,183,3776
Somalia,2001,216,4159,265,4640
Somalia,2002,231,4247,251,4729
Somalia,2003,224,4648,318,5190
Somalia,2004,304,5787,388,6479
Somalia,2005,294,6298,476,7068
Somalia,2006,900,9843,631,11374
Somalia,2007,260,5452,418,6130
Somalia,2008,254,5817,449,6520
Somalia,2009,304,5297,446,6047
Somalia,2010,200,4616,409,5225
Somalia,2011,2249,5245,412,7906
Somalia,2012,2364,5401,476,8241
Somalia,2013,272,5740,526,6538
"South Africa",1995,NULL,NULL,NULL,NULL
"South Africa",1996,NULL,NULL,NULL,NULL
"South Africa",1997,NULL,NULL,NULL,NULL
"South Africa",1998,NULL,NULL,NULL,NULL
"South Africa",1999,127,9163,331,9621
"South Africa",2000,238,10960,292,11490
"South Africa",2001,438,19683,423,20544
"South Africa",2002,6342,69583,1542,77467
"South Africa",2003,4110,106231,2667,113008
"South Africa",2004,5079,118435,2754,126268
"South Africa",2005,4596,117811,3053,125460
"South Africa",2006,43414,221744,7004,272162
"South Africa",2007,37530,238269,11174,286973
"South Africa",2008,41948,265498,12580,320026
"South Africa",2009,49825,316683,17266,383774
"South Africa",2010,50474,302210,12308,364992
"South Africa",2011,37883,241113,10115,289111
"South Africa",2012,38605,247215,11176,296996
"South Africa",2013,36671,263398,12311,312380
Spain,1995,45,1329,326,1700
Spain,1996,NULL,NULL,NULL,NULL
Spain,1997,NULL,NULL,NULL,NULL
Spain,1998,28,1579,309,1916
Spain,1999,NULL,NULL,NULL,NULL
Spain,2000,NULL,NULL,NULL,NULL
Spain,2001,28,1766,315,2109
Spain,2002,39,2153,454,2646
Spain,2003,13,1692,309,2014
Spain,2004,23,1679,309,2011
Spain,2005,23,1929,338,2290
Spain,2006,532,5663,1360,7555
Spain,2007,456,5419,1284,7159
Spain,2008,542,5158,1053,6753
Spain,2009,0,0,0,0
Spain,2010,467,4880,1177,6524
Spain,2011,530,4433,1153,6116
Spain,2012,343,3913,1074,5330
Spain,2013,377,3800,1047,5224
"Sri Lanka",1995,25,2687,317,3029
"Sri Lanka",1996,28,2615,315,2958
"Sri Lanka",1997,34,3120,352,3506
"Sri Lanka",1998,29,3327,391,3747
"Sri Lanka",1999,18,3305,426,3749
"Sri Lanka",2000,48,3795,473,4316
"Sri Lanka",2001,24,3817,467,4308
"Sri Lanka",2002,30,3794,473,4297
"Sri Lanka",2003,26,3786,509,4321
"Sri Lanka",2004,24,3805,473,4302
"Sri Lanka",2005,28,4259,554,4841
"Sri Lanka",2006,350,6776,1133,8259
"Sri Lanka",2007,326,7017,1075,8418
"Sri Lanka",2008,379,7394,1165,8938
"Sri Lanka",2009,392,7502,1198,9092
"Sri Lanka",2010,392,7579,1357,9328
"Sri Lanka",2011,352,7721,1434,9507
"Sri Lanka",2012,309,6933,1265,8507
"Sri Lanka",2013,310,7296,1404,9010
Sudan,1995,609,5029,642,6280
Sudan,1996,NULL,NULL,NULL,NULL
Sudan,1997,NULL,NULL,NULL,NULL
Sudan,1998,1485,8606,700,10791
Sudan,1999,1745,10306,1454,13505
Sudan,2000,1602,9709,1000,12311
Sudan,2001,1322,7801,359,9482
Sudan,2002,1057,8706,575,10338
Sudan,2003,932,9369,692,10993
Sudan,2004,963,10428,704,12095
Sudan,2005,806,11187,737,12730
Sudan,2006,609,10783,802,12194
Sudan,2007,2951,13219,982,17152
Sudan,2008,2722,17984,769,21475
Sudan,2009,3136,18364,710,22210
Sudan,2010,404,8972,582,9958
Sudan,2011,2584,15505,547,18636
Sudan,2012,2469,5852,503,8824
Sudan,2013,2181,NULL,NULL,NULL
Swaziland,1995,9,629,22,660
Swaziland,1996,143,1893,158,2194
Swaziland,1997,NULL,NULL,NULL,NULL
Swaziland,1998,NULL,NULL,NULL,NULL
Swaziland,1999,NULL,NULL,NULL,NULL
Swaziland,2000,21,1550,22,1593
Swaziland,2001,38,2454,50,2542
Swaziland,2002,10,1370,19,1399
Swaziland,2003,29,1525,27,1581
Swaziland,2004,23,1833,35,1891
Swaziland,2005,23,2121,35,2179
Swaziland,2006,934,6703,276,7913
Swaziland,2007,NULL,2641,45,NULL
Swaziland,2008,68,2983,54,3105
Swaziland,2009,80,3341,77,3498
Swaziland,2010,1633,7745,328,9706
Swaziland,2011,287,5084,262,5633
Swaziland,2012,785,5801,282,6868
Swaziland,2013,671,5713,307,6691
"Syrian Arab Republic",1995,35,1216,70,1321
"Syrian Arab Republic",1996,23,1409,91,1523
"Syrian Arab Republic",1997,29,1303,70,1402
"Syrian Arab Republic",1998,25,1286,71,1382
"Syrian Arab Republic",1999,NULL,NULL,NULL,NULL
"Syrian Arab Republic",2000,31,1368,83,1482
"Syrian Arab Republic",2001,34,1345,75,1454
"Syrian Arab Republic",2002,35,1325,87,1447
"Syrian Arab Republic",2003,36,1412,97,1545
"Syrian Arab Republic",2004,33,1443,85,1561
"Syrian Arab Republic",2005,36,1228,86,1350
"Syrian Arab Republic",2006,438,3159,268,3865
"Syrian Arab Republic",2007,482,3217,331,4030
"Syrian Arab Republic",2008,440,2923,308,3671
"Syrian Arab Republic",2009,410,3141,303,3854
"Syrian Arab Republic",2010,421,2900,293,3614
"Syrian Arab Republic",2011,552,2542,241,3335
"Syrian Arab Republic",2012,488,2212,175,2875
"Syrian Arab Republic",2013,403,2199,193,2795
Tajikistan,1995,NULL,NULL,NULL,NULL
Tajikistan,1996,9,215,8,232
Tajikistan,1997,15,213,17,245
Tajikistan,1998,11,406,18,435
Tajikistan,1999,NULL,NULL,NULL,NULL
Tajikistan,2000,NULL,NULL,NULL,NULL
Tajikistan,2001,8,672,24,704
Tajikistan,2002,13,649,25,687
Tajikistan,2003,NULL,NULL,NULL,NULL
Tajikistan,2004,18,557,26,601
Tajikistan,2005,34,1602,101,1737
Tajikistan,2006,NULL,NULL,NULL,NULL
Tajikistan,2007,585,5181,315,6081
Tajikistan,2008,547,5261,307,6115
Tajikistan,2009,456,5115,293,5864
Tajikistan,2010,491,5148,320,5959
Tajikistan,2011,569,4992,374,5935
Tajikistan,2012,360,4755,369,5484
Tajikistan,2013,389,4576,341,5306
Thailand,1995,111,16638,3524,20273
Thailand,1996,104,14141,2752,16997
Thailand,1997,91,11105,2016,13212
Thailand,1998,28,6391,1543,7962
Thailand,1999,50,11923,2959,14932
Thailand,2000,59,14162,3534,17755
Thailand,2001,95,23758,4689,28542
Thailand,2002,96,20651,4846,25593
Thailand,2003,90,23262,5107,28459
Thailand,2004,96,23100,5225,28421
Thailand,2005,101,22914,5345,28360
Thailand,2006,108,23252,5721,29081
Thailand,2007,98,22803,5686,28587
Thailand,2008,143,22758,5887,28788
Thailand,2009,123,26118,6569,32810
Thailand,2010,137,26848,6465,33450
Thailand,2011,114,26842,6213,33169
Thailand,2012,117,24960,5921,30998
Thailand,2013,NULL,NULL,NULL,NULL
Togo,1995,16,797,64,877
Togo,1996,23,819,69,911
Togo,1997,NULL,NULL,NULL,NULL
Togo,1998,28,845,54,927
Togo,1999,18,839,47,904
Togo,2000,17,911,54,982
Togo,2001,NULL,NULL,NULL,NULL
Togo,2002,22,1128,53,1203
Togo,2003,25,1145,85,1255
Togo,2004,21,1426,94,1541
Togo,2005,34,1631,101,1766
Togo,2006,44,1959,128,2131
Togo,2007,574,1676,96,2346
Togo,2008,44,2053,137,2234
Togo,2009,95,2471,168,2734
Togo,2010,60,1927,109,2096
Togo,2011,26,1945,123,2094
Togo,2012,26,1971,115,2112
Togo,2013,85,2370,145,2600
Turkey,1995,NULL,NULL,NULL,NULL
Turkey,1996,NULL,NULL,NULL,NULL
Turkey,1997,NULL,NULL,NULL,NULL
Turkey,1998,NULL,NULL,NULL,NULL
Turkey,1999,NULL,NULL,NULL,NULL
Turkey,2000,NULL,NULL,NULL,NULL
Turkey,2001,NULL,NULL,NULL,NULL
Turkey,2002,NULL,NULL,NULL,NULL
Turkey,2003,NULL,NULL,NULL,NULL
Turkey,2004,2,271,25,298
Turkey,2005,83,6725,642,7450
Turkey,2006,1113,15572,1859,18544
Turkey,2007,952,14969,1888,17809
Turkey,2008,949,13978,1833,16760
Turkey,2009,940,13110,1893,15943
Turkey,2010,879,12359,1945,15183
Turkey,2011,744,11699,1974,14417
Turkey,2012,672,10866,1997,13535
Turkey,2013,581,10478,2111,13170
Uganda,1995,772,12470,436,13678
Uganda,1996,827,13835,513,15175
Uganda,1997,715,16602,484,17801
Uganda,1998,801,16802,619,18222
Uganda,1999,744,16149,575,17468
Uganda,2000,683,16301,558,17542
Uganda,2001,565,16146,572,17283
Uganda,2002,630,17820,649,19099
Uganda,2003,638,18959,715,20312
Uganda,2004,655,19566,718,20939
Uganda,2005,628,19100,796,20524
Uganda,2006,618,18989,749,20356
Uganda,2007,577,19975,751,21303
Uganda,2008,651,21344,771,22766
Uganda,2009,622,21697,794,23113
Uganda,2010,669,21909,861,23439
Uganda,2011,695,23328,917,24940
Uganda,2012,636,23312,914,24862
Uganda,2013,649,23704,1055,25408
Ukraine,1995,31,7515,717,8263
Ukraine,1996,22,8628,914,9564
Ukraine,1997,34,8497,932,9463
Ukraine,1998,60,9557,969,10586
Ukraine,1999,36,9426,950,10412
Ukraine,2000,62,9739,937,10738
Ukraine,2001,27,10948,977,11952
Ukraine,2002,NULL,NULL,NULL,NULL
Ukraine,2003,39,11708,1038,12785
Ukraine,2004,NULL,NULL,NULL,NULL
Ukraine,2005,NULL,NULL,NULL,NULL
Ukraine,2006,463,16543,1494,18500
Ukraine,2007,21,23673,1951,25645
Ukraine,2008,581,32294,2864,35739
Ukraine,2009,580,30118,2726,33424
Ukraine,2010,302,2751,302,3355
Ukraine,2011,19,9726,757,10502
Ukraine,2012,223,25205,2061,27489
Ukraine,2013,638,30830,2676,34144
"United Kingdom of Great Britain and Northern Ireland",1995,NULL,NULL,NULL,NULL
"United Kingdom of Great Britain and Northern Ireland",1996,NULL,NULL,NULL,NULL
"United Kingdom of Great Britain and Northern Ireland",1997,10,621,158,789
"United Kingdom of Great Britain and Northern Ireland",1998,20,983,339,1342
"United Kingdom of Great Britain and Northern Ireland",1999,14,587,195,796
"United Kingdom of Great Britain and Northern Ireland",2000,17,805,205,1027
"United Kingdom of Great Britain and Northern Ireland",2001,25,843,222,1090
"United Kingdom of Great Britain and Northern Ireland",2002,12,912,246,1170
"United Kingdom of Great Britain and Northern Ireland",2003,27,959,147,1133
"United Kingdom of Great Britain and Northern Ireland",2004,23,1124,159,1306
"United Kingdom of Great Britain and Northern Ireland",2005,23,1116,207,1346
"United Kingdom of Great Britain and Northern Ireland",2006,376,6543,1218,8137
"United Kingdom of Great Britain and Northern Ireland",2007,747,8758,1671,11176
"United Kingdom of Great Britain and Northern Ireland",2008,377,5298,840,6515
"United Kingdom of Great Britain and Northern Ireland",2009,342,5744,902,6988
"United Kingdom of Great Britain and Northern Ireland",2010,333,5898,917,7148
"United Kingdom of Great Britain and Northern Ireland",2011,372,6467,989,7828
"United Kingdom of Great Britain and Northern Ireland",2012,375,6346,957,7678
"United Kingdom of Great Britain and Northern Ireland",2013,311,6053,1020,7384
"United Republic of Tanzania",1995,384,18751,819,19954
"United Republic of Tanzania",1996,392,20221,859,21472
"United Republic of Tanzania",1997,439,19971,897,21307
"United Republic of Tanzania",1998,438,22387,1008,23833
"United Republic of Tanzania",1999,400,22668,1055,24123
"United Republic of Tanzania",2000,457,22479,1103,24039
"United Republic of Tanzania",2001,524,22912,1249,24685
"United Republic of Tanzania",2002,428,22460,1248,24136
"United Republic of Tanzania",2003,425,23105,1369,24899
"United Republic of Tanzania",2004,488,23877,1458,25823
"United Republic of Tanzania",2005,461,23395,1408,25264
"United Republic of Tanzania",2006,497,22863,1364,24724
"United Republic of Tanzania",2007,427,22639,1454,24520
"United Republic of Tanzania",2008,424,56974,1492,58890
"United Republic of Tanzania",2009,5196,53315,1539,60050
"United Republic of Tanzania",2010,5216,52830,1632,59678
"United Republic of Tanzania",2011,4883,22196,1508,28587
"United Republic of Tanzania",2012,5315,23203,1545,30063
"United Republic of Tanzania",2013,6658,NULL,NULL,NULL
"United States of America",1995,45,6356,1690,8091
"United States of America",1996,36,5868,1548,7452
"United States of America",1997,40,5436,1458,6934
"United States of America",1998,25,5192,1406,6623
"United States of America",1999,34,4995,1245,6274
"United States of America",2000,20,4730,1134,5884
"United States of America",2001,38,4575,1038,5651
"United States of America",2002,29,4443,962,5434
"United States of America",2003,23,4338,1004,5365
"United States of America",2004,31,4294,926,5251
"United States of America",2005,25,4118,946,5089
"United States of America",2006,807,10285,2675,13767
"United States of America",2007,779,9928,2576,13283
"United States of America",2008,783,9611,2499,12893
"United States of America",2009,639,8471,2260,11370
"United States of America",2010,592,7631,2082,10305
"United States of America",2011,572,7546,2201,10319
"United States of America",2012,484,7235,2199,9918
"United States of America",2013,478,6583,2045,9106
Uzbekistan,1995,NULL,NULL,NULL,NULL
Uzbekistan,1996,7,3343,0,3350
Uzbekistan,1997,NULL,NULL,NULL,NULL
Uzbekistan,1998,0,38,1,39
Uzbekistan,1999,15,3936,224,4175
Uzbekistan,2000,17,3590,218,3825
Uzbekistan,2001,28,4256,314,4598
Uzbekistan,2002,28,2502,236,2766
Uzbekistan,2003,38,4258,394,4690
Uzbekistan,2004,54,4587,478,5119
Uzbekistan,2005,65,4950,680,5695
Uzbekistan,2006,2833,13792,1949,18574
Uzbekistan,2007,2583,13262,2066,17911
Uzbekistan,2008,2008,12111,1852,15971
Uzbekistan,2009,2263,12544,1762,16569
Uzbekistan,2010,1878,12165,1691,15734
Uzbekistan,2011,1592,10854,1549,13995
Uzbekistan,2012,1561,10942,1629,14132
Uzbekistan,2013,1960,16588,2264,20812
"Venezuela (Bolivarian Republic of)",1995,NULL,NULL,NULL,NULL
"Venezuela (Bolivarian Republic of)",1996,NULL,NULL,NULL,NULL
"Venezuela (Bolivarian Republic of)",1997,NULL,NULL,NULL,NULL
"Venezuela (Bolivarian Republic of)",1998,NULL,NULL,NULL,NULL
"Venezuela (Bolivarian Republic of)",1999,60,2997,613,3670
"Venezuela (Bolivarian Republic of)",2000,NULL,NULL,NULL,NULL
"Venezuela (Bolivarian Republic of)",2001,NULL,NULL,NULL,NULL
"Venezuela (Bolivarian Republic of)",2002,61,2872,511,3444
"Venezuela (Bolivarian Republic of)",2003,85,3241,556,3882
"Venezuela (Bolivarian Republic of)",2004,60,3158,558,3776
"Venezuela (Bolivarian Republic of)",2005,72,3033,548,3653
"Venezuela (Bolivarian Republic of)",2006,627,4823,998,6448
"Venezuela (Bolivarian Republic of)",2007,583,4580,912,6075
"Venezuela (Bolivarian Republic of)",2008,477,4706,876,6059
"Venezuela (Bolivarian Republic of)",2009,486,4854,873,6213
"Venezuela (Bolivarian Republic of)",2010,490,4660,937,6087
"Venezuela (Bolivarian Republic of)",2011,495,4772,802,6069
"Venezuela (Bolivarian Republic of)",2012,504,4863,839,6206
"Venezuela (Bolivarian Republic of)",2013,461,5169,925,6555
"Viet Nam",1995,NULL,NULL,NULL,NULL
"Viet Nam",1996,183,38498,10230,48911
"Viet Nam",1997,176,42142,11329,53647
"Viet Nam",1998,116,42908,11849,54873
"Viet Nam",1999,126,41480,12199,53805
"Viet Nam",2000,115,40435,12619,53169
"Viet Nam",2001,87,41298,12817,54202
"Viet Nam",2002,125,43533,13153,56811
"Viet Nam",2003,115,43133,12689,55937
"Viet Nam",2004,120,45093,13176,58389
"Viet Nam",2005,101,43292,12177,55570
"Viet Nam",2006,111,44518,11808,56437
"Viet Nam",2007,107,43183,11170,54460
"Viet Nam",2008,84,42922,10478,53484
"Viet Nam",2009,88,41643,9559,51290
"Viet Nam",2010,112,42178,9999,52289
"Viet Nam",2011,125,41681,8945,50751
"Viet Nam",2012,142,41673,9218,51033
"Viet Nam",2013,143,41520,8944,50607
Yemen,1995,140,3404,137,3681
Yemen,1996,29,631,23,683
Yemen,1997,283,4388,47,4718
Yemen,1998,198,4511,187,4896
Yemen,1999,207,3758,165,4130
Yemen,2000,271,5075,219,5565
Yemen,2001,236,4565,167,4968
Yemen,2002,429,3642,188,4259
Yemen,2003,114,3502,177,3793
Yemen,2004,121,3193,120,3434
Yemen,2005,92,3170,117,3379
Yemen,2006,84,3113,145,3342
Yemen,2007,73,3288,176,3537
Yemen,2008,86,3274,180,3540
Yemen,2009,90,3305,181,3576
Yemen,2010,166,3217,201,3584
Yemen,2011,118,2863,154,3135
Yemen,2012,974,7907,734,9615
Yemen,2013,1082,8439,806,10327
Zambia,1995,220,8164,193,8577
Zambia,1996,NULL,NULL,NULL,NULL
Zambia,1997,NULL,NULL,NULL,NULL
Zambia,1998,NULL,NULL,NULL,NULL
Zambia,1999,NULL,NULL,NULL,NULL
Zambia,2000,499,12179,249,12927
Zambia,2001,NULL,NULL,NULL,NULL
Zambia,2002,2234,13515,602,16351
Zambia,2003,594,17789,551,18934
Zambia,2004,456,16275,516,17247
Zambia,2005,303,14048,506,14857
Zambia,2006,374,13343,308,14025
Zambia,2007,347,12696,335,13378
Zambia,2008,266,12601,344,13211
Zambia,2009,237,12266,363,12866
Zambia,2010,NULL,NULL,NULL,NULL
Zambia,2011,3812,36454,1692,41958
Zambia,2012,3332,33937,1600,38869
Zambia,2013,3154,35703,1781,40638
Zimbabwe,1995,NULL,NULL,NULL,NULL
Zimbabwe,1996,NULL,NULL,NULL,NULL
Zimbabwe,1997,NULL,NULL,NULL,NULL
Zimbabwe,1998,NULL,NULL,NULL,NULL
Zimbabwe,1999,NULL,NULL,NULL,NULL
Zimbabwe,2000,NULL,NULL,NULL,NULL
Zimbabwe,2001,NULL,NULL,NULL,NULL
Zimbabwe,2002,413,10624,224,11261
Zimbabwe,2003,313,13856,319,14488
Zimbabwe,2004,412,13860,309,14581
Zimbabwe,2005,479,11417,1259,13155
Zimbabwe,2006,4034,37652,1366,43052
Zimbabwe,2007,6433,32118,377,38928
Zimbabwe,2008,3344,31382,1334,36060
Zimbabwe,2009,3744,35970,2054,41768
Zimbabwe,2010,4371,36313,2188,42872
Zimbabwe,2011,3420,31578,1962,36960
Zimbabwe,2012,2911,29495,1985,34391
Zimbabwe,2013,2567,28399,1933,32899
